parallax,phot_g_mean_mag,phot_bp_mean_mag,phot_rp_mean_mag,distance_gspphot
,20.82271,,,
0.5783734767386475,20.4154,,17.713398,
0.4170909088138852,16.29165,17.457325,15.21679,
0.5555921952846041,18.45827,19.280775,16.928102,
-1.769075210184486,17.5244,19.75878,15.984893,
1.925899810469861,15.908042,16.847328,14.868234,
,20.907015,,18.647022,
,20.813955,,18.484835,
,20.808077,20.40906,19.44332,
,20.69818,22.279406,19.209278,
,20.28576,,,
-1.3808637372322712,19.073574,20.2721,17.060005,
0.9679537057005473,20.54779,,,
0.3352919795841408,19.18542,20.619923,17.805569,
-0.11431833945928084,18.832777,21.823055,17.317001,
0.27603004624772515,19.082697,20.777224,17.610432,
-0.2191540306652378,18.780241,21.456814,17.193136,
-0.32549494108572563,19.493092,21.864367,18.013893,
0.48828849596790225,19.759272,,,
0.18538695007820444,19.594908,,,
1.0104056868146214,20.04798,21.58055,18.354809,
-0.2863918823134121,18.77039,21.479773,17.199091,
-0.18549692304277218,19.807837,21.499945,18.315434,
-0.09729158951496925,20.151142,21.58908,19.172787,
1.2218291471195155,20.089256,21.55002,18.585669,
2.51751690396759,20.196722,21.652393,18.271803,
-0.30750972679581595,20.454676,,,
,20.903957,21.409096,19.717247,
-1.0481143103336152,20.451626,21.754677,18.951588,
1.850556900422894,20.552753,20.875286,19.572577,
0.8856118939478759,20.289705,,18.158382,
0.9885751752292541,20.71333,,,
,20.757675,21.404064,19.196487,
,20.857851,22.43718,18.981556,
,20.698294,22.368698,18.711403,
,20.546242,22.092218,19.325546,
1.7599580129880825,20.32486,22.03525,19.068787,
2.7262194417150085,20.56528,21.78516,19.812841,
,20.773148,22.262516,19.358826,
0.7408513958432349,20.51208,21.304031,19.149258,
,20.840296,,18.913351,
1.8729006319205228,20.673805,,,
0.054168653298010336,19.941547,21.015171,18.772743,
1.0311405658848867,19.181204,21.49515,17.617195,
,20.68598,,,
2.652068240890379,20.559725,,,
,20.689768,20.761692,20.185843,
-2.0077086124709536,20.113161,22.389683,18.287712,
-0.06372236778241225,16.819788,20.256857,15.239767,
0.7594668590080675,16.793848,17.6983,15.770948,1771.3733
,19.448622,,,
0.4766019673122305,18.099812,19.41637,16.940105,675.8917
0.6635957312079236,18.981003,20.263885,17.59796,
1.8661145640013534,19.215742,21.10009,17.254984,
,20.584543,,18.19559,
,21.011803,20.52125,19.241125,
0.49949812521700077,19.701645,21.31166,18.028595,
-0.1583741579017374,19.870634,21.39152,18.315166,
0.30231759976718475,17.609333,20.439476,16.056032,1140.1256
0.5502095339357935,18.307657,19.401731,17.360718,612.1261
0.11906891265864114,,,17.449314,
0.26158492533178984,19.061735,20.740355,17.705103,
0.20422881877907414,19.687113,21.27274,18.05909,
0.195117060696933,18.448542,21.836731,16.81963,
0.5419933554546619,17.973038,19.569977,16.771896,1694.3456
0.4834676450844703,16.62384,17.980421,15.455602,6550.877
-0.5637911143731347,20.099598,,18.420025,
0.04353088038686881,19.009626,21.24053,17.391462,
-0.6081559206682746,19.683136,21.101465,18.478588,
0.45025825345353465,17.532484,19.107063,16.249166,
1.075272608479348,19.863514,,,
,20.904547,,,
,20.57917,,,
0.19858177966909757,18.738125,20.311396,17.527897,469.6805
-0.8867708619068703,19.88303,21.986654,18.54057,
0.7318061862508105,18.956772,21.365864,17.183685,
1.3138932586882341,19.698807,21.252018,18.79088,
1.298329504670709,19.708868,20.387562,18.51436,
-0.4628193962494293,19.72865,22.862122,18.1387,
,20.861637,,,
0.6579445125550655,19.131813,20.954271,17.87913,
0.9200537840236652,19.67703,21.366358,18.209898,
0.027749717195239373,18.077225,21.084892,16.375711,
0.956074794894849,19.99707,21.615208,18.846733,
0.2543885944711668,19.7368,21.527037,18.6728,
0.43160096272558846,19.67071,21.843904,18.176147,
-0.49731155083648315,19.571379,,,
0.9252099142555607,18.700035,19.726141,17.550709,652.9622
1.9632535065492165,19.761698,21.228464,18.621302,
0.4775146574398416,20.255188,21.914257,19.24648,
-1.301339717825926,19.022707,21.07438,17.345678,
0.30815901129733964,,,18.490938,
-0.4126907120800876,20.276108,21.26866,19.309303,
-2.5466707872504664,20.221632,21.257454,18.292515,
,20.674404,,,
0.5206346062207239,18.909752,19.743801,16.959711,
1.5990422614475208,20.11755,,,
-0.3962909995513673,,,16.820814,
0.2196075284452696,20.004595,21.345179,19.07395,
,20.149677,,,
,20.529816,,,
-0.18048566389579784,20.575953,21.096298,19.468046,
,20.71692,21.921793,19.277678,
,20.718145,22.47846,20.059381,
,20.67447,19.905382,19.69903,
0.7021822577139413,20.531755,,,
,20.967482,,19.511917,
1.0387338625065181,20.650854,,,
,20.864672,,19.350706,
0.9302504911870195,20.361938,,,
0.6738224188655741,20.32921,21.422846,19.402266,
-0.2504036889816412,20.41709,22.297775,18.89082,
0.1306879081511338,20.644796,21.059631,19.912352,
,20.96325,20.892603,19.845654,
2.2017212591921433,20.301916,22.14332,18.43636,
,20.817287,22.066711,19.54604,
-0.5410704687463956,20.532759,,,
-0.5029598124735768,20.25563,21.7161,19.15797,
,20.773561,21.256908,19.241468,
-0.18538498169122836,20.695093,21.480263,19.529572,
,20.804111,22.39364,19.561205,
,20.950487,,,
,20.836693,,19.415121,
1.2349763500220532,20.187868,21.271818,18.78671,
0.8422213211588523,20.46219,,,
-1.858602244774065,20.582897,22.042927,19.843233,
,,,19.472849,
,20.885464,21.703531,19.488342,
,20.90298,,,
,20.638412,,,
,,,,
,20.845081,22.342812,19.53245,
,20.98009,21.776188,19.991537,
,20.905005,,19.40057,
2.432170762368363,20.378267,,,
-0.7478306090935243,19.484901,21.001652,17.811508,
0.7116651500837868,17.557102,18.496042,16.45452,888.1758
-0.05478826483268624,19.882236,21.593369,18.341904,
1.0577035163250457,19.002048,20.213497,18.037418,
0.335479187576737,17.56969,19.147522,16.350647,2879.9292
0.19351037428977302,20.421015,,,
0.7136654758966964,18.342339,21.72882,16.532938,
,20.785522,,,
0.3767715484273989,15.771623,16.736341,14.785535,
-0.19797169104710682,20.503012,,,
0.43972475146890644,12.926893,14.24673,11.80238,
,20.710758,21.58117,18.758633,
0.3038414054126126,20.05381,21.147179,18.27308,
0.2769241727517829,17.178875,19.208044,15.832964,
0.4380514402452781,17.862436,18.901625,16.858662,795.598
0.6354948440793884,18.500502,19.731237,17.503374,558.9962
0.21601238788837682,17.458977,19.708168,16.11135,
0.5770220977736179,18.942148,20.174545,17.649094,546.667
-0.3320370036066945,20.158627,21.962929,18.262785,
0.5881889515948556,19.863148,21.800192,17.975286,
-0.13564942131537433,19.775564,21.394403,18.139359,
1.1266032651733788,19.238817,21.292496,17.89387,
-0.7589523213112815,20.276073,21.809738,18.64015,
-0.1954194951530775,20.029205,21.120142,18.249914,
-0.05815620701250332,20.4311,21.767422,18.903679,
,20.84892,,,
0.17955856049314278,19.858736,21.739,18.021605,
,21.02602,24.445969,19.765636,
,20.425545,18.645597,18.450552,
-2.6454615271192155,20.471712,22.453632,19.200342,
2.00676550835397,,,18.740881,
-0.09211388254238181,20.112774,21.607449,18.467459,
,20.495985,21.501755,18.093132,
0.6831606122290584,18.589834,19.571302,17.598444,691.2162
1.2379241846899305,19.286888,,,
,20.680876,20.774675,18.121288,
0.4451546258260063,19.173796,21.659588,17.5254,
1.9184868417072078,19.081047,20.845463,17.852173,
0.37119329884722585,20.042376,21.352314,19.02292,
-0.8575762663551504,20.117693,22.012566,18.444324,
-0.6959830489358164,20.117332,21.536064,18.647198,
0.8373790413779736,19.326183,21.083496,18.095625,
0.02226092855943993,19.678492,20.250515,18.070461,
0.03539567490788576,18.27152,20.806505,16.79184,
0.3462449538036087,19.371666,21.076944,18.211515,
-0.08412695765070968,19.652273,20.944056,18.681273,
0.5547449169515996,19.915293,21.57476,18.292252,
2.5621349625751657,19.435694,21.209703,18.110657,
0.44309383441426264,19.26215,21.429384,17.650705,
-0.23042713260041328,19.540789,21.21653,18.375298,
0.01892548487200047,18.213377,21.814432,16.555779,4793.6514
-0.3267863882553778,19.819473,21.405611,18.584383,
1.5888939847159254,19.518183,20.818089,18.471922,
-0.5218014837881965,19.72981,21.141588,18.060715,
0.4275339722476487,19.69881,21.018806,18.162914,
0.11142908041646199,18.86764,21.341774,17.060486,
-0.17136727667522694,19.756506,21.140718,18.726196,
-0.41184475636537327,,,18.59316,
-2.097048258262757,20.153646,21.533083,18.837725,
0.2781267632757832,20.236046,,,
,20.540884,21.630547,19.04174,
0.22570110259872017,20.38851,21.63095,18.70013,
,21.231205,,,
,20.900127,,,
,20.944427,21.90198,18.582851,
,20.67395,21.903137,18.419476,
,20.468157,21.955105,18.41217,
,20.806618,,19.392931,
,20.748932,,,
-0.26521196139629943,20.35353,21.15118,18.98389,
6.068247368531829,20.53691,,19.103413,
1.2056846710240734,20.186228,21.809511,19.055107,
,20.71923,,,
-0.8967768506291898,,,19.241417,
1.5967081488155401,20.358524,,18.971222,
,20.668747,,19.312925,
,20.690369,20.693457,19.280453,
,20.83683,22.397305,19.497543,
1.7140437447095749,20.530586,21.84977,19.050259,
,20.96075,,,
-0.8984518731190922,20.589632,21.855806,19.265537,
,20.42668,22.286514,18.794266,
,20.872131,21.559027,19.637102,
,20.784296,22.558569,19.880001,
,20.769703,,,
,20.6637,20.702965,19.411808,
,21.034376,,,
0.841432319955222,17.806906,18.846472,16.749048,594.7053
0.39612024119647227,18.052492,19.077797,16.867298,2133.3306
-0.31578015760175504,17.178553,21.507805,15.466885,10193.811
0.5007420267733577,17.006166,18.08535,15.946217,1586.7485
1.7763307635904066,20.044107,21.926056,18.632797,
-1.0391884022973692,20.292706,21.872776,18.24425,
-0.7739545980583181,20.40555,22.40483,18.977293,
0.48360329642222605,19.22299,20.584024,18.112083,
-0.1864705202208922,19.226288,21.791965,17.698221,
-0.21504723061162245,18.933365,21.685263,17.305122,
1.5168390540161443,19.712877,,,
0.2966143360754232,19.374973,21.518774,17.984488,
0.4180748620704374,17.542017,18.966764,16.383608,684.06
-0.9967732789183719,20.323809,22.370779,18.932606,
-1.1104812471977747,20.351871,21.987356,18.67604,
-0.7718122820659755,20.164328,21.772915,18.576298,
0.5203613709359748,19.34427,22.050331,17.817877,
0.5206308166593593,19.545444,21.621786,18.0413,
0.17034684838465733,18.75362,20.865303,17.192095,332.5559
6.335304870853752,16.038252,16.863653,14.806712,
0.022529307964850483,18.131401,20.70112,16.477757,10346.112
0.319941385960362,18.918404,20.811121,17.644644,407.9171
0.24279147232645015,19.732924,21.588974,18.522593,
0.7259466323732556,19.352486,21.568499,17.659298,
0.5203894470717976,19.8313,21.276463,18.646078,
0.32064564223570297,19.810999,21.356213,18.5183,
0.10875364956552667,,,17.569323,
-0.5999645372534905,20.171234,,,
0.6745755326294331,19.421444,20.908453,17.743517,
3.88502972187021,20.455702,21.139944,18.539564,
1.8377855857476217,20.489464,21.87089,19.768053,
-0.643108734991297,20.354975,22.421732,19.023033,
,,,18.632063,
,20.99313,,,
,20.629877,18.215689,19.190126,
-0.3344592520046695,20.336979,,,
,20.672586,21.53923,19.703531,
-3.7837512104136883,20.427834,21.672865,18.684542,
-2.3840352224990817,20.632591,21.633482,19.290918,
-0.810096745752862,20.552267,,19.056892,
0.6662158397837126,20.435705,,,
1.0011108228175953,20.4431,21.844475,19.190454,
0.7909943249708131,20.512403,21.658087,19.189306,
1.3942360328947982,20.24561,,,
0.9027771231240871,20.652107,21.41106,19.378527,
,20.969765,,,
,20.882864,22.110458,19.84005,
0.7632891076507414,20.269226,20.497799,18.320232,
,20.526598,21.10688,20.059208,
,,,19.548857,
,20.988726,21.065536,19.460365,
-0.127725496153969,17.732124,21.833689,16.060993,
0.6484980379963493,17.216423,18.230362,16.242033,2055.8916
0.5182844462316153,15.692686,16.422173,14.839882,
0.4395367527305204,18.214533,20.97676,16.405159,5874.1655
0.5977254046434998,17.017517,18.03125,16.041943,1710.1779
2.100252800547144,19.78976,21.269133,18.549795,
,17.514156,,,
0.7605310322872576,19.451967,21.90498,17.671507,
-0.23563210298331733,20.2061,,,
,20.861822,20.118153,19.936714,
1.1714102278384835,20.246435,21.479322,19.096586,
,21.060917,19.841715,17.46588,
0.3554966562806676,18.609177,19.58036,16.78755,
,20.634502,20.838316,18.893494,
,20.801779,22.20034,19.779543,
0.41404699503790265,20.294304,22.2365,18.709675,
-0.152604549253709,19.566917,21.470482,17.821316,
0.8070788244214769,18.302017,19.484959,17.279684,568.4975
2.4016617130908853,18.485994,20.427086,17.159,449.1249
-0.19438649566438834,,,17.803692,
0.1840278332800177,19.296904,21.410877,17.916235,
-0.5342855297882173,19.818405,20.242506,18.11664,
0.272309518373594,19.450293,21.367018,18.053308,
3.399420736749084,20.511074,21.680744,18.708231,
0.3263752936440723,18.8941,21.864353,17.296728,
-0.11461355581729071,19.213099,21.762989,17.726423,
0.39298365008759845,,,18.43294,
0.6141186511405448,20.473011,20.423481,18.657427,
1.106460126604184,20.185547,21.44289,18.928267,
0.236103348082542,20.072771,20.619476,18.724113,
-0.38328190643984333,19.77868,,,
-0.2540320981299222,18.028944,21.038465,16.135513,
0.5577212622655279,18.437593,19.49867,17.27094,1001.0601
0.7647675973317725,19.417927,,,
1.1593559257122206,19.971512,20.997263,18.726896,
0.977075307461754,19.755306,20.471762,17.761053,
0.5422234934383694,18.998674,20.91067,17.824114,416.7615
2.0796435005134373,18.066597,19.837479,16.671469,
0.6778933512075233,19.297396,20.89333,18.148926,
-0.0027032520156082037,19.420334,21.690374,18.120754,
0.6618039936459605,19.645515,21.01841,18.771828,
2.603696825128453,20.174555,21.567986,18.270626,
-0.6923509750418938,19.91631,22.078217,18.308512,
0.5137307230800051,19.047503,20.697676,17.842909,
0.4573394702187829,18.994793,20.851383,17.688084,481.4034
,20.959894,,,
0.691268783164407,19.800133,21.081165,18.265015,
,18.978903,,,
-0.38866513536490965,18.739899,21.539894,17.059177,5584.5977
-0.6719978397356082,17.761675,21.579771,15.956815,
0.9958248668475145,20.1749,21.568707,19.019821,
1.2766411089357572,20.54046,21.936481,18.993288,
,20.973251,,,
1.5523370314190958,20.396648,21.498251,19.201878,
,20.964472,22.260996,19.249449,
0.49532236423806414,20.503942,21.758215,19.228848,
,20.757084,21.581743,19.895243,
,21.05538,,19.080643,
0.7872703768960722,20.504213,21.993122,19.191853,
,20.836172,20.969538,19.26786,
-0.60740813275686,20.613335,,18.452625,
,20.826643,,,
,20.730343,20.15884,18.585884,
0.3632927862893336,20.465038,21.633175,18.771671,
,20.760807,21.673864,19.331942,
0.07002010003160454,20.413176,21.79951,19.341658,
1.351574226903656,20.538136,19.78023,19.208899,
0.43215088316540196,20.385374,21.88776,19.46798,
,20.628939,22.597645,18.91295,
,20.877111,,,
1.5221901936895224,20.590458,20.871296,19.184116,
-0.4336996744479201,20.34026,,,
0.8931439676739664,20.71734,21.498493,19.33845,
,20.935251,21.00064,18.90835,
,,,19.67798,
,20.983395,20.950764,19.266329,
,20.739895,,19.047657,
0.452695055582265,17.887074,22.254107,16.187523,6842.8804
0.4607463754412524,15.909978,16.713,15.006888,
1.183390927392365,15.961859,16.519806,15.24184,834.4152
0.3289080610207104,17.3633,18.602903,16.254763,
-0.005367277588518772,18.312578,21.807922,16.60943,
-1.3377874393166629,16.112926,21.35213,14.220562,
0.809065107984314,19.949059,21.640636,18.909945,
,20.835804,21.173647,18.740948,
,20.890469,,,
1.8625243533097229,20.378477,22.44319,19.195824,
0.14523639369259156,18.867125,20.226261,17.704414,640.8087
0.4948755015618424,16.617002,17.708912,15.572637,
0.4302871773254611,19.332788,21.355694,17.577173,
6.955410889222854E-4,17.783512,19.033186,16.388447,
0.19987548566840863,19.368877,20.759274,17.960732,
0.123828602189856,18.769985,21.346788,17.098715,
,20.644146,21.597912,18.742653,
0.04890289636829912,20.75946,,,
0.083650858762262,19.196829,20.800829,17.813911,
,20.469536,21.544556,18.870087,
-0.134492959659327,19.755516,20.821144,18.01487,
0.21906938585864197,20.174532,22.637196,18.37229,
-0.3284048962790459,20.045835,22.022633,18.293612,
1.4427980928896356,20.229677,22.11464,18.496204,
0.6944836080315779,20.165327,20.069065,18.416903,
-0.38454244092319134,19.879585,21.746471,18.321533,
0.1062018359964363,17.396357,18.777643,16.004833,
1.3279940684214657,19.536556,20.67339,17.81779,
-0.01724579185052523,18.969154,21.188345,17.02672,
0.726559706118148,19.811733,21.131119,18.36369,
-0.4411187016908279,20.079878,21.757172,18.700207,
1.7892464731080409,20.298092,,,
0.01464530465385411,17.8214,20.089071,15.985167,
0.2440790151032336,20.185139,21.53647,18.816885,
-0.5272833589539688,20.244354,21.25678,19.349482,
0.6106239835563465,19.035742,20.586939,17.885466,
0.46426598144109044,18.068256,19.154985,16.900997,778.1989
0.2930278057896873,19.626263,19.63515,18.22277,
0.6263401259597171,19.993986,21.891733,18.32376,
0.06405279695769985,19.443691,21.376375,18.089464,
,20.911736,,,
,20.558022,,,
0.07004821307633778,19.031654,21.901848,17.254698,
1.0559270566389025,19.574404,20.453028,18.176579,
,20.374847,,,
0.7241747826412537,19.649704,,,
0.5620526955980433,17.606676,18.77796,16.54738,801.3952
0.10344074609402809,19.61244,20.907833,18.167356,
0.010632253622954724,19.017403,20.920145,17.764029,
0.0899338498567405,18.274467,22.597466,16.501991,
-5.341871471802688,19.022825,20.678028,17.017746,
,19.330378,,,
-0.5995005443408814,20.04674,,,
-0.3595427960244002,19.371159,21.03386,17.669445,
,20.655876,19.814861,18.553911,
0.7033220553189453,20.192856,,,
0.5713861456088599,18.216644,19.415648,17.063011,543.2729
0.44511375405944525,20.077282,,18.605415,
-2.7695971941431763,20.43927,,,
0.24453840381043052,20.485483,21.415161,19.031832,
,20.864054,,19.429903,
,20.883743,,,
,21.097263,,,
,20.96299,22.286018,19.932938,
,21.281301,,18.907837,
,21.046597,,,
0.48410227316869087,20.345366,22.660585,19.281118,
0.5603420191497779,20.286043,21.240238,18.86686,
,20.779238,20.987692,19.140232,
,20.78878,20.76112,19.540543,
,21.010315,24.208023,19.643284,
0.25214049382587467,20.359783,21.31347,18.792055,
0.8285654092013391,20.40727,21.298649,19.14687,
,,,19.7321,
0.6174668330774821,20.025064,19.3642,18.213179,
,20.338646,20.726635,18.185299,
,20.92678,,18.5691,
,20.97947,22.529222,19.237402,
,20.828678,21.431002,19.824049,
,20.627745,21.818064,19.04252,
,21.101656,,,
0.45165760915335074,17.071142,19.25894,15.63781,1162.599
-0.2835683887210679,18.620226,21.04702,16.964352,10349.873
,20.09187,,,
1.284145326495727,18.12521,19.204195,16.509342,
2.075521184243196,10.174797,10.260743,9.999617,
0.33307035542246954,14.935453,16.140417,13.822573,9030.446
0.9631681856588468,19.393229,,,
0.17170088515812493,17.29522,20.606632,15.486202,
0.36599694485469764,15.719414,16.877443,14.620692,9731.562
-0.10283162552905731,19.573631,21.06562,18.159607,
,20.864174,20.347944,18.715328,
,20.205006,19.879805,18.040865,
,20.394327,20.57244,18.621254,
,20.497185,,,
2.0908914501216844,20.388842,21.686974,18.522757,
0.016862945729067574,20.532442,21.46408,18.848137,
0.6969764449380569,18.722418,20.952826,17.336983,428.5351
1.0827927778882984,19.19917,20.913723,18.095509,
2.148798747767588,13.418006,13.854752,12.80759,422.5959
0.6824733464396757,15.652876,16.590508,14.678107,1141.2028
0.30648499881129165,19.082893,21.888908,17.41632,
-1.3676964100953068,19.469868,21.716352,17.665768,
0.27954701851861685,18.620102,20.784086,16.870872,
,20.384726,21.029732,18.762285,
0.3467126500278227,17.083405,18.158426,16.044031,
1.6824042727698818,20.58539,22.377464,19.18103,
1.0391897619425283,19.551285,21.256556,18.024569,
-4.257650378687067,20.444546,,,
-0.06903380314372495,19.04539,,,
0.4468595418715765,18.104956,19.357533,16.97096,
0.4580076373544556,19.172249,20.315344,17.937952,
0.09246195449142446,18.932215,22.224209,17.208115,
0.397771911776579,18.68594,19.969353,17.592203,833.559
0.030815443818616648,18.200113,19.30647,17.024645,827.1562
,20.986374,,,
-0.07060045650213917,18.194376,20.742498,16.541166,8392.038
0.6120978899264717,19.021463,20.224783,18.016172,
0.37237824236432526,18.584635,19.769444,17.45514,662.1083
0.8902896653100861,19.347775,20.701807,18.297434,
-0.013258489374829478,17.795145,20.929651,15.853754,
-0.4943644652021372,19.88798,21.758684,18.54067,
,19.956318,,,
0.0017309060691935527,18.566841,20.350075,17.301167,597.1782
0.8912931115501042,17.750698,18.962385,16.753256,680.6101
0.11465331466734352,19.769775,21.49254,18.543043,
0.8784599709310785,19.167141,21.649086,17.517618,
1.4458516429113697,20.007786,,,
2.591318808926581,20.143745,21.55018,18.897038,
,20.98995,21.341818,19.052422,
0.3335212998729401,20.323938,22.063711,18.295454,
,20.53587,21.233843,18.968355,
1.0008058833042706,20.33866,,,
,20.593822,21.179546,19.00849,
1.8439290264394916,20.750477,,19.141659,
,21.082205,,,
,20.632448,21.733751,19.155361,
,20.698057,19.531254,19.225798,
,20.78198,21.4531,19.53797,
-0.8481127984528043,20.480932,21.727549,18.842382,
1.0177232838627783,20.076794,21.047878,18.559711,
,20.951927,20.279036,19.85808,
,17.341581,18.327385,16.24893,
-0.08583049719331182,20.41102,20.171206,18.933216,
,20.929169,23.920885,20.16554,
0.8519948637507222,12.558368,13.634801,11.536407,1088.3944
0.6909532904120013,19.607655,19.766245,17.516129,
0.5586932651815263,14.837408,15.509862,14.019645,
-0.018977210744459218,17.301443,20.561953,15.755563,2400.6172
0.4938410975905796,16.649677,17.998606,15.405591,1564.2877
-0.274237841602063,17.951433,20.894169,16.207943,
-0.8490082236275699,19.67122,21.615923,17.684853,
0.2516491829793949,13.810693,15.918265,12.464458,
2.1318223821849496,7.2292423,7.2247,7.1760845,
1.3310005644864384,20.164896,20.464657,19.018114,
,20.353977,21.9931,18.902988,
,20.657259,21.894974,19.17144,
,18.196554,17.619917,15.981581,
,21.046143,,19.242422,
1.3601083190913847,19.27718,21.004166,17.777868,
,19.59032,,,
1.65073124282587,20.092127,21.165974,18.990795,
2.248800693042057,12.774144,13.157628,12.168881,437.4054
0.8008376530533016,18.377068,19.482338,17.255354,590.7186
0.5123252527008042,19.272867,21.842476,17.589037,
-0.0844287242929226,16.892776,20.917995,15.136458,5973.7236
0.32790288295990067,19.476715,21.319666,17.959501,
0.451939644027453,19.86879,22.579432,18.3397,
0.49642413908579613,20.489304,22.995556,19.012049,
0.5365699829906058,18.794897,20.41697,17.06435,
-0.47871115292220057,18.91884,20.460897,16.996536,
0.8754050458852491,20.454931,21.07411,18.732899,
-1.3066908691007297,19.990456,21.685745,18.274122,
0.2722837962045956,18.055824,19.220358,16.904778,566.8486
,20.7009,,,
0.23542828283172798,19.40638,21.58217,17.445004,
1.4526282570538167,19.747063,,,
-5.21475186279009,20.212803,,,
1.1277627574172748,19.421251,21.172415,18.26891,
0.36907977178299395,16.705706,18.940159,15.30512,
1.484638748338834,20.453611,21.550928,19.13221,
,20.73687,,,
0.9653845732871875,18.681076,19.946909,17.571587,480.9335
-0.12027589130713517,20.123386,21.162508,19.187881,
-0.1591951951730844,20.456621,,,
0.1077192833453922,20.090689,20.003548,18.42614,
2.089435451117368,19.748724,20.725292,18.385136,
,19.59114,20.875305,18.603216,
1.3525503594016468,20.162539,21.937899,18.635986,
0.30278531648672846,20.411427,20.871008,19.03674,
0.5341936121574835,20.029354,20.764805,18.591297,
0.9159917372634693,20.367035,,,
-0.5883733599815483,20.373045,,,
,20.792154,23.18993,20.206182,
,20.746984,22.730501,18.605453,
0.8850425140042992,20.38195,,,
,20.719885,,,
,,,,
-0.27258875800986593,20.287304,21.129217,19.126698,
0.8529424114031723,20.313122,22.102293,18.937218,
,20.747524,,,
,20.968782,22.176039,19.48822,
1.0057220646875629,20.20172,21.601212,19.031013,
-0.06747352781839819,17.055641,16.99576,15.356843,
,20.975449,19.615019,19.233725,
,20.973011,,17.409334,
,20.676886,21.835972,19.457134,
-4.410434829867123,20.57412,,,
-0.9606541325431397,20.673374,20.726238,19.525572,
,,,19.244108,
,20.958273,21.740372,19.864603,
,20.788069,21.699696,19.729721,
-0.44218125225179106,19.59331,18.873646,17.64582,
-0.3384979023056093,18.974537,19.098232,17.527681,
0.13998535415991079,,,18.134335,
,20.801619,,,
0.9674776858140606,17.026186,17.857027,16.138218,928.2933
0.37883618041913436,16.069212,17.262627,14.97226,
1.9300182373528325,17.285494,18.06634,15.537075,
0.929615038337263,17.885914,19.104586,16.719656,561.2573
0.4478544145434171,16.206438,,,
0.19246997246006337,19.106209,22.432182,17.37406,
5.431388078671266,20.57681,21.483799,19.080706,
,21.011457,,,
,20.677103,21.668613,19.241875,
-2.654574883632001,20.475449,21.38641,18.80534,
,20.751947,,20.125008,
,20.710144,21.93931,19.87954,
-1.4314426975046652,20.457022,19.274187,18.938217,
,20.705713,19.733498,18.187817,
1.169325598200897,20.079512,21.166508,18.712313,
,19.943295,,,
,17.73622,,,
,18.1714,,,
2.5559415001262837,18.171146,19.667898,16.97216,354.5791
0.2935090993407233,18.69746,20.618843,17.357986,1179.6832
,20.45747,21.05714,18.4163,
-0.18248984998488688,18.345827,21.437895,16.603796,
0.686869754718061,18.741493,21.536343,17.1312,
0.6568008658007127,18.882734,20.037888,17.816677,620.4257
0.33411638496623847,19.799011,21.059189,18.246832,
-0.515703942746605,19.932259,20.819395,18.316513,
0.00332957141698495,20.29471,21.664728,18.63267,
0.7653966529670021,19.836187,20.757048,18.348846,
-0.18956527068254606,19.773685,21.636421,18.374304,
0.5389564353880534,19.543783,21.18597,18.124327,
1.1322671214172686,20.58262,21.912365,18.936327,
-3.716918677541472,20.193731,20.444824,18.347416,
,20.801502,,,
0.6438014147668062,19.526669,20.526716,18.176744,
0.5059934869837733,20.096693,21.527119,19.023539,
0.8888171060864347,20.191456,21.125065,18.570423,
0.40739056984369126,19.910086,21.48804,18.182962,
-0.8289462097649481,20.125114,21.435184,18.763948,
-0.1363556077524035,19.39099,21.013502,18.112211,
-1.5869704204030843,19.72006,20.39352,17.881348,
-0.3344345714699572,19.238375,20.768127,18.083012,
,20.891914,22.45884,18.705935,
-0.06242362785063702,18.49642,,,
,18.991434,,,
1.113253830508116,19.21715,20.5236,18.048843,
0.4027564828622652,19.709034,20.719654,18.74625,
0.3980893285626879,19.287745,21.577244,17.69766,
1.2287140212189216,20.06791,21.379908,18.558907,
-0.8173729250236071,20.470322,21.01691,19.002968,
,20.689487,21.233494,19.431042,
1.8217624805081005,20.507725,22.37014,19.385836,
-0.06913581306948412,20.12196,21.477608,18.979626,
,20.79357,21.764488,18.938046,
,20.72799,20.490168,18.937387,
3.5883037631392174,20.497274,20.354528,19.168032,
,20.832575,21.771309,19.507032,
,20.925982,21.644968,19.48747,
-0.783575268672049,20.455387,21.240328,18.588547,
,20.582375,20.072943,20.100079,
,20.763819,,19.312895,
-0.8459583689085544,20.37889,20.536135,18.807554,
,20.74814,21.721926,18.884956,
,20.934788,23.819637,19.95168,
,21.044142,21.081688,19.594482,
-0.4779899067811944,,,19.039743,
,21.041239,,19.5429,
,20.71762,,,
0.3826170903692188,17.055988,18.369627,15.926314,2024.6079
0.2957691117118559,15.652535,17.622332,14.333168,
0.05787955120011551,17.128872,19.285414,15.739875,
0.2992884494293598,17.905083,19.10614,16.852966,818.9711
-1.877120636931152,18.0156,20.012308,15.862378,
2.1647065477150234,13.35507,13.767635,12.759215,449.6267
0.05630798070725178,18.35973,20.867256,16.52072,
-0.20567440508281712,19.71131,21.455938,18.325771,
,20.579594,22.513994,18.802416,
-0.7756840753151489,15.365932,16.360119,14.326808,
0.9512510603652278,18.826555,20.095757,17.265533,
-0.22208460786921647,19.623281,20.408812,17.791222,
0.36388755526755545,12.80898,15.358428,11.391167,1850.7625
0.8593241240304503,15.016933,15.924059,14.055171,1357.4224
0.4938577986981969,18.713402,20.053585,17.571068,528.7599
-0.6661843048154039,18.110174,19.278936,16.792688,
,20.706345,,19.273054,
,20.815775,,,
1.6963976846574038,20.466873,20.491701,19.382727,
,20.443886,21.62584,18.335005,
,20.841602,20.653625,19.213526,
0.4730733063674529,18.048609,19.644346,16.848305,
0.009190562824769466,17.04697,19.285063,15.606952,
0.7006679452658621,19.012747,20.07147,17.993279,
-0.0486012365669728,19.14446,20.662521,17.469091,
,20.650063,21.644485,19.536493,
0.02115687849367203,17.779934,20.078316,16.30468,965.5533
0.12704259030577356,20.254871,21.734674,18.720825,
0.08835308706965023,19.831608,21.944597,18.22205,
-1.482881727287021,19.631536,21.193684,17.562433,
0.4069954542119529,19.007221,20.798655,17.603643,
-0.5435223538678864,19.36821,21.640533,17.873842,
,20.76907,,,
-0.11269502239519565,19.509233,21.641579,17.965395,
,20.817427,,,
-1.037244778406966,20.1686,20.674162,18.896132,
0.7779255454003277,19.814993,21.17786,18.508213,
,19.023815,,,
,21.428246,,,
0.33136122443711274,19.236883,21.2589,17.383198,
-0.03274849034576151,17.346907,21.207167,15.726302,6497.468
0.48724246517908154,19.81041,20.951006,18.261267,
-0.9422044648625458,20.14221,,,
0.5992711150934555,19.457144,21.042032,18.385143,
,20.963245,,,
0.6636965735295594,19.893572,,,
1.6883483933751122,20.108154,21.093111,18.917028,
0.35841444003342504,19.909943,20.960178,18.474207,
0.24000895360873478,19.170221,20.575014,17.494854,
,20.336025,,,
,19.997826,,,
0.7962398633783319,17.754879,18.853296,16.53813,526.6769
2.4602384649564146,20.146889,21.534498,18.921083,
0.9654278101915986,20.245615,21.378775,19.067556,
-0.7689176115687323,20.374186,21.319038,18.792318,
,21.176298,20.936415,20.33517,
,20.92985,21.276163,20.190544,
-1.2414263528272815,20.487024,21.75852,19.139153,
-0.25707571529592,20.484976,21.969406,19.225807,
,20.427101,21.304161,19.0118,
-0.21282258482985095,20.434134,22.128773,19.237017,
,20.498001,21.846037,18.633142,
,21.018074,,19.835457,
,20.846607,21.670427,19.950838,
,20.823427,,,
,20.466518,21.654343,18.473513,
-3.298539880471627,19.846552,20.77157,17.851402,
,20.949213,,,
0.5373106762226352,15.113029,15.870613,14.231679,
2.3973024430003087,18.271702,19.834503,16.982063,696.9756
0.6407343400151155,18.45142,21.996964,16.653881,
0.18483798567692986,18.507744,19.877577,16.688147,
-0.41226987417386474,18.619373,20.971004,16.71054,
,20.149727,,,
0.07727553225082377,17.698908,19.828121,16.339394,
0.616619083592939,17.681875,18.883804,16.622704,903.9593
2.1528497992131532,10.029037,10.095865,9.885382,
0.24169571842991677,,,18.396193,
,20.399675,20.676022,18.84975,
0.7484192013206735,19.42996,21.387745,18.137083,
,21.14058,22.781515,20.23184,
1.821944575553503,20.445545,21.675814,19.242867,
0.28021131950864964,18.408293,19.878922,17.278913,819.4127
0.19221660977089744,18.551075,20.762756,17.114624,367.5833
0.5221164272455516,18.309042,19.705107,17.170118,537.6793
0.18102656039623924,19.099762,21.054571,17.624376,
0.8069055903824804,20.442314,22.017117,18.875668,
0.6049082404514307,19.689302,21.91034,18.092257,
-0.5209089693038841,19.510815,20.155111,17.836771,
,20.98182,19.011044,19.42779,
-0.48010429591032827,19.724907,21.54517,18.434084,
1.472479600400581,19.855013,21.487173,18.667547,
-0.17296286036676575,19.27098,21.669853,17.798382,
0.3296497137767415,19.775402,21.034285,18.480385,
0.2322214899404696,18.66366,20.237644,17.46091,472.0022
0.8705230874491514,19.379576,20.825577,18.23397,
1.734563475038997,20.009455,21.30527,18.84738,
-0.6543468216507369,20.211222,,,
0.26066843781284044,20.134203,20.85185,18.922611,
,20.543589,21.031343,19.049906,
,20.904295,,19.800467,
,20.918531,,,
,20.782116,21.490486,19.931192,
,20.798788,21.590645,20.025526,
,20.557701,20.644814,19.148731,
,20.663925,22.40851,19.168375,
1.209551075058748,20.125507,20.356848,18.786325,
,20.578074,21.44726,19.253834,
-2.2078010402803883,20.626678,21.619743,19.639778,
-0.2760443049290579,17.702518,21.001963,16.018621,5377.31
-0.17190342666999736,19.000721,20.797007,17.281378,
0.22436442533230852,19.833109,21.305843,18.010944,
,20.660799,23.013979,19.019,
,20.95347,22.512253,19.357296,
8.033274699733298,19.973482,21.140802,17.946178,
0.26764208310225923,18.32229,20.208334,17.084015,1341.1781
0.7224806283573821,18.467554,19.922594,17.445597,536.9958
-0.6057820549737867,18.907011,21.23123,17.22614,
-0.5750065900494313,18.766468,20.752525,16.813828,
0.08072517435111069,19.452896,21.859816,17.619772,
-0.38559078907580435,19.853098,21.691654,18.108604,
1.5039461324562262,20.318428,20.440653,18.86146,
0.9610957846486513,20.369879,22.066141,18.729088,
,20.81329,22.307863,19.427092,
-0.5463427894332064,20.004974,21.918556,18.253208,
0.214999190411576,20.507994,20.525284,18.778566,
0.4931736822502541,18.584784,19.65943,17.171812,386.1813
,19.012333,20.070467,16.94669,
-0.030954222994341862,18.722872,21.70257,17.090996,
,20.854706,,,
,20.378649,19.586031,18.46539,
0.06818499962900224,18.528078,20.77693,16.517504,
,19.58911,,,
0.49640669436171997,19.478754,20.645193,18.199036,
3.0850489114384607,18.665768,20.38162,17.192211,
,20.320253,21.951523,19.040165,
0.23874566157174665,19.124075,,17.208422,
2.1868303277336314,19.115175,20.900448,17.863955,
-0.19463057265975536,19.736778,,,
0.14019586615581864,18.83663,21.743488,17.205921,730.5707
,20.045752,21.192978,18.707184,
1.105996966632218,19.80703,21.44098,18.55243,
,19.2919,,,
-0.41117592089854405,20.075438,20.888206,18.884426,
0.33744856798750084,19.163557,20.601488,18.026,
-0.9621945012369928,20.00119,21.310852,18.97795,
-0.302209342624104,19.587147,21.197153,18.299456,
,20.576052,21.620188,18.629307,
,20.621899,,,
,20.778849,,,
,21.132221,21.434013,19.472967,
,20.766785,22.138474,19.564709,
1.0761319708515025,20.324492,21.783026,18.991837,
0.7531447000448676,20.704771,23.071468,19.045156,
,20.908478,22.154627,19.16478,
,20.876062,,,
0.9209085971149602,19.369667,21.01662,18.126503,
2.153056802366735,16.502995,17.592953,15.475244,412.2276
0.12189324314685887,18.157698,19.912212,16.917501,601.3907
0.9548176791206696,19.348679,21.324135,17.753431,
0.29713241496503323,18.051825,19.454842,16.542736,
0.809512396353422,19.161186,21.068712,17.304361,
0.3534497469163302,16.201096,18.953693,14.747431,1396.2993
-0.06689861414194381,20.02143,21.457502,18.279089,
0.7152831505793438,19.730307,21.034763,18.162859,
0.5876906237067255,19.437063,21.31113,18.075857,
0.05003578510509182,18.45623,20.708569,16.670181,9138.989
-0.12859057430904058,19.59113,21.703653,17.827845,
,20.627987,21.29507,19.050577,
-0.28177456868108164,18.614487,21.936295,16.90115,
,20.664358,20.966858,19.120453,
,20.801144,18.488447,19.381456,
0.43472254228224433,19.951427,21.768322,18.546183,
0.3035063666232883,16.144833,17.337307,15.046444,
0.8717700468454149,18.890268,20.808525,17.607588,402.6238
0.2509535804004578,19.623222,21.061874,17.920725,
2.9379825637230685,20.464312,21.042356,19.449451,
0.360767573841467,18.81412,19.904894,17.688725,
0.30146213963753116,20.024765,21.348299,18.964088,
,20.940039,,,
-1.293171023328346,19.887589,20.895071,18.622793,
1.6692523790132152,19.846823,21.359894,18.31864,
,20.742397,,,
0.07134286261579414,19.747042,21.013151,18.223206,
0.3086411924798488,18.578213,20.868952,17.136677,390.4435
1.5098506430754899,19.897429,22.337328,18.424774,
-0.7014702814673546,19.566269,21.871069,17.807428,
1.0582593115903,19.854439,21.554314,18.136183,
,21.072674,,,
0.3135684841691593,20.537119,22.718191,19.228556,
0.12933395913460194,20.241951,21.397062,19.220705,
-0.24962089486288153,20.207724,24.056553,18.625639,
,20.676197,21.791967,19.494507,
4.357716113843318,20.734442,23.15917,20.02235,
,20.50811,20.917418,19.054808,
,21.03517,20.69574,19.077919,
,20.604141,,,
1.9306914731538034,20.444748,22.181433,18.870502,
1.2486481712679531,20.72805,21.76933,19.40628,
,20.825577,,19.402254,
1.0497358110867878,20.568974,21.483742,18.990341,
1.8163431996256725,20.400852,,,
5.435982647183102,20.650505,21.701893,19.394794,
0.39246939163902517,18.66079,19.924019,17.544378,520.8715
-0.38670569130320676,20.45054,21.981354,19.143198,
-0.2157397772470696,19.519295,20.75935,18.526052,
-0.1231816098959197,19.88946,19.479204,18.593328,
,20.897358,,19.957455,
0.3575000124635985,19.743923,22.313288,18.01121,
0.6915311244262339,18.39759,19.910349,17.096638,474.0485
0.32313995894263237,15.462418,18.243595,14.004453,2875.97
0.6508928537598925,19.7015,21.720242,17.757538,
1.1349770621000725,19.909761,,18.306,
0.2347942723094484,19.362429,20.73089,17.773705,
-0.6550027596132545,19.601467,21.464218,17.953096,
0.5570592888428726,14.216535,15.715707,13.033813,
1.0642245516917375,20.1466,,,
,20.699728,,,
1.2939698905220756,20.000116,19.439478,18.16519,
1.703394273719682,20.152958,21.240229,18.786524,
,20.085562,,,
2.0936716300281293,19.70948,21.320898,18.211498,
0.8076523026429695,18.550901,20.089672,17.221214,381.8122
1.0409222668463847,17.061443,17.712332,16.145452,708.6428
0.8379732172282583,17.358707,18.13757,16.477848,792.9769
-0.021912262062993862,18.17087,20.30617,16.408762,
0.31424703281275507,19.547565,21.75393,17.809965,
,20.86735,23.711391,19.582773,
0.15025024166145493,18.896793,21.368097,17.401962,
0.47789149858301777,19.286959,21.322052,17.63157,
0.3534154075942446,17.96464,,,
1.941860259382704,18.731249,20.91553,17.39176,292.14
1.5070901921961437,19.451363,19.57163,17.411463,
,20.811707,,,
-1.3207715427024382,20.054087,21.387333,18.22959,
,20.845,21.05407,18.565245,
0.028748083104257034,19.3647,,,
1.3133532520099027,19.294268,20.896517,17.995384,
0.29102971415554046,18.744175,20.173323,17.526354,
0.6734404287123282,19.350542,20.49797,18.261322,
0.962307005502607,19.188845,20.50857,17.976072,
-0.5541039395697028,19.714216,21.175262,18.081776,
0.10440000603348787,18.036768,,,
1.8515032687911708,17.44938,18.217947,15.898316,
1.6008925966440286,19.764233,,,
0.04057127578236278,,,18.94642,
0.8202251857614596,16.325922,17.246874,15.372368,1551.546
0.11011725053638687,19.296324,20.774895,18.273178,
-1.2592592810588943,,,18.828594,
0.38598302925575645,19.777351,21.036642,18.71272,
0.7655997957784582,19.527876,,,
,20.58108,20.663054,19.035057,
,20.668653,20.56482,19.022448,
,20.703182,20.783453,18.876446,
1.856909933931404,20.450674,23.795223,19.534624,
,20.91812,20.806204,19.498907,
0.37235227661085235,20.568335,21.952232,18.952152,
-1.0988391799700292,20.457668,21.498922,19.075344,
0.6937900766195015,,,19.344063,
1.432728237653261,20.37987,21.831892,18.764658,
,20.732298,,19.356932,
,20.848917,22.751518,19.617163,
,,,20.382616,
2.8194373280291267,20.374304,20.441853,18.46523,
1.3360243361021142,18.217924,19.068396,16.921503,
0.7298972467739134,16.119017,17.005138,15.172544,1699.18
,20.741945,,,
0.8336769737943414,16.139793,16.973862,15.234109,851.6556
0.44246964353599627,17.582775,19.139849,16.38576,
0.33230610390568877,18.530842,19.981977,17.462345,530.8899
0.8020493043148385,18.887577,20.264658,17.600956,457.6927
-0.29847706077349934,18.33869,21.874544,16.685165,
1.022371184046616,19.17027,21.486416,17.44371,
,20.853937,22.246914,19.052767,
-0.8924522665478548,20.228287,22.021013,18.619812,
-0.9287198695467472,19.36506,21.458956,17.71907,
,20.430109,21.462648,18.627485,
,20.585455,22.8196,18.849424,
1.471183434776369,19.584822,21.66865,17.814478,
-0.2542477396748363,20.408957,22.381826,18.815788,
-0.09109341446247286,20.302637,21.10585,18.78144,
0.7852546286559382,19.933462,21.574219,18.210875,
,20.324152,21.97031,18.56524,
,20.793726,21.653086,19.366728,
-0.19300983602950575,19.699957,,18.110357,
0.037537547318894915,18.029179,19.758112,16.63681,1023.5699
0.11984825255237518,19.425903,21.402018,17.626373,
-1.0007012633881802,20.151606,21.870804,18.619322,
-3.1803281752655055,19.575787,21.658684,17.811144,
,20.527721,,,
0.5477540334922995,19.589668,20.822819,18.361334,
,20.998598,,,
,20.150772,,,
0.1325445808413409,18.346685,20.445316,16.852007,
,20.703123,,,
,20.738049,20.600735,18.589823,
0.5746764065761187,19.547567,,,
2.236022189450825,19.98186,19.554949,18.360617,
0.2724278132048456,19.296452,21.921154,17.798185,
1.9170655303961661,19.63088,21.147285,18.557657,
0.28285353194679597,18.460487,19.709824,17.437944,590.3033
0.9563946413081491,17.872332,18.655823,16.598637,
1.0603746641688652,19.226116,21.144735,17.884869,
0.9919494653678416,20.15947,21.623732,18.816525,
-0.24024958971749102,20.196556,21.44897,19.047546,
-0.1369447072719506,20.233004,20.05671,18.805058,
0.8346072595006261,20.293198,21.549788,19.13767,
-0.6251180412524039,20.44226,,,
,20.872612,20.737062,19.507454,
3.10792202038665,20.483408,21.661871,19.381023,
,20.804682,21.147278,19.377195,
3.410561188253291,20.10539,21.562586,18.828085,
,20.46349,20.798182,18.977755,
,20.896376,22.62957,20.585575,
,20.717367,21.927225,19.426569,
,20.777365,23.457531,19.260504,
,20.60572,22.215601,19.50725,
,20.676916,22.549099,19.466738,
0.660877008066669,18.903465,20.07418,17.699026,603.7466
0.48070017553822925,16.082668,17.609419,14.834589,6118.53
1.100953761778721,15.742288,16.298458,15.043775,673.699
4.569197612569602,18.673746,,,
0.40359639982783924,19.327837,19.814413,17.158606,
,20.800285,,19.02608,
,20.919607,22.423313,19.601791,
1.918028830580032,20.571945,21.396904,19.194162,
2.3951233390874678,17.06455,18.311495,15.948605,492.7082
0.5177697700828009,17.47157,18.432093,16.408308,
0.03554170641946106,18.288784,21.271255,16.615837,
2.0316998263818657,18.801493,20.488153,17.518192,275.4067
-0.22425470266095013,19.426592,19.091269,17.514763,
-0.3081880931103251,18.916557,21.442669,17.06368,
0.4851772699457137,19.64872,21.670427,17.993996,
-0.12137549444707026,20.32249,19.772316,18.551521,
0.20279400980513496,18.395588,19.739927,17.230328,418.0208
1.2059480839741181,19.931581,21.930237,18.325752,
-0.003660074543988666,20.476444,21.176521,18.94468,
-0.7160638648308455,20.00523,21.811049,18.382471,
1.6571126938982745,19.505465,,17.676935,
1.4173617629095223,19.851635,20.88197,18.718046,
0.2790879062354792,17.821135,20.141115,16.402239,929.6371
1.9209548720933398,19.998507,21.285963,18.625517,
-0.6821092473585073,19.464523,22.448286,17.741344,
,20.66966,,,
1.2447364599614625,18.938177,20.240055,17.60174,434.412
0.2387032546298415,18.765507,20.130375,17.648949,499.6848
,20.729307,,18.516565,
,20.812632,21.99949,18.742785,
0.6113416757447746,20.192608,21.503252,19.069647,
1.6530429538161222,20.756693,19.622873,19.104494,
,,,,
1.1034736399355307,20.450752,21.132494,18.898634,
,20.69265,21.729029,18.676733,
-0.44959531814684506,,,17.845638,
,20.68667,20.711582,19.012793,
,20.831081,22.375086,19.291414,
,19.74201,,,
5.515071464902754,19.597921,19.242197,17.78418,
0.599157301245084,15.5167055,16.97965,14.347249,
2.1322031053199204,9.995114,10.062733,9.85034,
0.9947361494052255,16.606327,17.277174,15.824182,
2.1408941929059817,10.224518,10.293495,10.0737,507.4091
-0.1850044687948619,18.156464,20.435562,15.926399,
,20.584766,21.58704,18.872147,
,20.944056,21.696566,18.57348,
,20.721615,,18.432278,
,20.733133,21.052671,18.960516,
,20.296326,21.641022,18.241665,
0.7755545936230961,20.52468,,18.358232,
0.8437994731287302,18.121315,19.42505,17.011585,518.6558
,20.881882,,,
0.3673773887147937,18.999445,21.44849,17.36862,
0.21900953224686118,18.662437,20.988142,17.151705,872.9052
0.22686956774949654,17.711283,20.767494,16.16875,1892.2697
0.3592640483761927,19.82089,21.869387,18.250149,
-5.682516183235793,20.698828,21.856226,19.36193,
-0.98204331237884,19.821901,21.462585,18.215342,
0.8416071973897499,19.861486,21.70987,18.298073,
1.4004362372559849,20.437958,22.366598,19.100676,
0.4761651503268625,19.601091,21.647509,18.121643,
-0.5309588335964587,19.14079,21.80092,17.369482,
,21.154858,22.205036,19.55945,
0.9704081663865551,19.38356,21.647392,17.90684,
2.4093793536415715,20.44047,21.805521,18.2981,
-0.008357395942727178,19.476744,22.025063,17.75797,
-1.7139584740002474,20.241446,21.438438,18.752373,
,20.622784,21.74223,19.081932,
0.13148324223640814,19.5536,20.57099,18.425278,
0.7145762762117968,18.491728,20.000774,17.386791,607.0295
-0.06808419850727725,19.585258,21.403706,18.35679,
-0.1351306088205446,19.55033,21.453451,17.782862,
,20.519974,,,
1.2520102921559364,20.138737,22.008709,18.92762,
0.10853360181182023,19.788893,21.257805,18.535955,
,20.71856,,18.90952,
-1.1763792548189802,19.763002,21.37498,18.430334,
-1.0649206173158916,20.54993,22.050455,18.403215,
0.7068977536808329,20.23401,21.069647,19.11427,
0.2907125281151395,18.157295,19.575357,17.016062,723.7056
,20.910095,19.38609,19.858303,
,20.535748,21.522871,19.80751,
,20.605135,23.366602,19.15415,
,20.812517,,18.652325,
-0.6550113954272038,20.117039,21.349361,18.51612,
3.0358506738183695,20.343107,21.491491,19.133018,
,20.679657,21.697195,19.290426,
,20.793518,21.344421,19.812096,
,20.505745,,,
0.7659480106241161,17.479813,18.82012,16.360794,
0.4943863110091161,15.988864,17.791159,14.706894,
0.39164235704489797,17.464148,18.952896,16.276602,614.3197
-0.21560224766093133,18.835003,21.686855,17.05352,
1.958301685141723,20.274372,21.942575,18.613985,
0.9612012574751712,18.226664,19.477837,17.028643,512.9656
0.4535356728043856,17.4582,19.10953,16.261847,
0.905238810946728,16.80409,18.078238,15.705611,1136.4768
0.6555081939002414,19.111448,21.201855,17.44451,
0.7191388226936893,19.097706,21.118885,17.751179,
0.29881084309061823,18.995537,21.498486,17.478077,
2.0900246693243676,20.54276,21.129831,18.962006,
,20.692764,22.015982,19.401783,
-0.5907330826731223,20.631605,21.238363,19.09945,
-0.7814179843489975,19.86431,21.647655,18.343447,
-0.5260987031950776,20.095493,21.341349,18.277054,
0.21941895276710516,19.179928,21.971024,17.497787,
2.8146954297642943,20.341629,20.965849,18.51181,
1.2462272067258193,20.570358,21.275637,19.609056,
,20.839445,,,
,20.484304,,,
-0.24123680655254348,18.355272,20.76322,16.660847,
0.4011146318599326,19.331692,21.650032,17.286045,
0.792379498101902,19.920416,21.455502,18.815138,
0.30842577405095245,18.622927,20.464138,17.259192,
,18.788942,,,
-0.30457629130517044,19.591867,21.478863,18.326416,
2.3863780853855707,20.10695,23.025652,17.98547,
1.8966624156460925,,,17.980522,
-0.049933693561067985,19.945343,21.055874,18.563524,
0.47443486332511275,20.383524,21.455534,19.422134,
2.0806866611215584,19.770277,21.420647,18.34855,
-0.6840735920147791,20.42238,20.48994,17.98951,
0.28577221043996603,17.968676,19.964195,16.581192,
,21.021229,,18.86667,
-0.13007074086430526,20.644672,21.971367,19.341084,
,20.440166,21.235977,18.998772,
,20.827291,,,
,20.77421,23.376854,18.88329,
,20.980846,21.993097,19.262028,
0.09666312373130234,20.5799,21.735165,19.237444,
2.5998690614523134,20.539295,22.303602,18.648369,
,20.911081,,,
-0.9653851622241141,20.593763,21.369034,19.351961,
,20.752792,21.759657,19.18743,
-1.3142667368444851,20.044962,,,
-0.35656614568523354,17.645815,19.569052,15.863452,
0.10104053768068283,17.678816,21.190937,15.989291,
,20.818243,,19.060003,
0.21772042605657949,18.62202,21.050846,17.252508,362.1112
-0.3498179121336964,19.011383,21.903517,17.452608,
0.7466858672326895,19.428799,20.276896,17.763628,
0.11378342957499572,19.816536,21.696503,18.101562,
0.3079040340837981,17.923738,19.685461,16.59947,
1.1630657432548959,19.969275,22.094013,18.490316,
3.3752615903571437,20.437717,22.150614,18.911303,
0.6569231323482849,20.23711,21.653212,18.409517,
-0.4318838823113583,19.542616,21.768583,17.984186,
,20.794527,,,
-0.6969481210820905,19.699623,21.510601,18.269547,
0.3812050828637452,18.08678,20.962847,16.612707,868.377
0.5336104982190725,19.20121,20.991196,17.265795,
0.20136836409705908,20.212824,,,
,20.097298,,,
1.9686038378814754,19.656841,20.943975,17.841347,
-0.37148884342512506,18.454338,21.881655,16.651747,
0.7147256267649359,18.786692,20.344368,17.582031,440.8605
2.273462883238073,19.026857,20.990414,17.79592,
,20.250355,,,
-0.017475995193434554,19.329538,20.978567,18.01661,
1.0199174413316405,19.511793,20.714659,18.262188,
0.01275372084745073,19.679018,21.295458,18.485031,
0.555705540695532,20.004591,21.248955,18.95946,
0.1466124448814068,19.548632,21.302748,18.07665,
-1.06864859195362,19.972923,22.153587,18.396488,
-1.9400973662139556,19.907202,21.22749,18.726816,
-0.0562772740506025,20.477943,,,
0.095338322523916,20.05863,21.747322,18.225454,
,20.245266,,,
-0.033622808201504484,19.57506,20.766571,17.819996,
,20.532076,21.663338,19.247694,
,20.569666,,,
,20.717499,,19.793629,
,20.694609,21.659279,19.776001,
-1.3333822587033561,20.526695,20.955975,19.552599,
,21.201925,,,
-0.021536072178763487,17.681583,21.09383,15.94632,6965.9697
0.8404345194565539,15.844896,16.570906,14.978936,999.2482
-0.334010048466617,19.400488,21.617514,17.922525,
-0.4844796900416861,18.844791,21.469017,16.944866,
0.8622391826004157,17.978367,19.142477,16.9382,621.1322
0.6188602788194054,18.261824,19.555622,17.13296,485.4626
0.8438351950285505,15.200519,16.136084,14.216562,
,20.716145,21.692173,19.458178,
,20.645,21.754084,19.064503,
,20.823673,,19.562992,
0.5956645461324067,17.797024,18.95464,16.757746,559.3707
0.7504669582357053,18.764652,20.155203,17.54574,399.0204
-0.027171686414456615,18.550758,,,
0.38232207359077475,18.07127,19.793327,16.842306,557.7535
0.31444769525109695,18.342485,20.60155,16.712637,10235.542
2.179979575848965,17.47958,19.124323,16.234785,479.167
-0.2570210064719706,19.147348,21.27128,17.635128,
0.007857442215140693,,,18.92191,
1.6681058484183615,20.336298,21.83235,18.731659,
0.08631997163617865,20.255495,21.501717,18.702286,
1.0076556023231038,20.186121,21.397854,18.337528,
-0.42166261796884175,19.624662,21.383247,18.018291,
0.32142776817438823,19.459866,21.861713,17.854582,
1.5297865320266266,20.040571,22.045929,18.586,
-0.4448142955267616,19.925657,21.401203,18.337803,
,20.634632,21.786272,19.35783,
0.3186206251753206,19.207243,20.622341,18.147642,
0.2404462951578446,19.658876,,,
0.526499332616327,19.485977,21.62618,18.098986,
0.3294242000228449,19.786592,21.04718,18.598484,
1.547041549397278,18.786924,21.857813,16.61626,
0.4860556110757081,18.10331,19.347595,17.017794,821.5175
1.6715659900398299,18.341103,19.488417,17.15831,572.0405
1.2549184164968383,19.873447,20.975218,18.547955,
0.8408398279491018,20.21709,21.990974,18.873583,
0.511106304471982,18.462467,20.51831,17.203978,306.1357
-1.1547102718704914,20.4617,,,
-0.050389893662252105,20.379414,22.027828,19.15659,
0.3154108366246259,20.155972,21.300251,19.070135,
-0.4295739329304722,20.547333,21.732052,19.202763,
,20.668047,21.93728,19.413683,
,21.026829,,,
,20.313131,21.142248,18.550434,
-0.11929683626857657,20.154957,22.008741,18.693766,
,20.878063,22.189306,19.40466,
,21.087017,21.83123,20.209637,
-0.4567123706263599,20.326614,21.498512,19.150145,
,20.710604,21.982473,19.350023,
,20.910986,,,
-0.6604589175273413,19.362333,21.505535,17.421917,
-0.5960669357342144,18.783243,21.537102,16.458721,
2.31780153599965,17.70243,19.192856,16.519957,373.7394
0.28902496355203544,18.90483,21.685928,17.069538,
0.6021100246242775,20.187252,21.866932,18.613653,
,20.667725,21.799288,18.941734,
,20.346682,,,
-0.26005392366431834,19.763805,21.823133,18.049063,
0.28443171860882954,17.950281,20.679483,16.509726,932.9439
0.2367984117211463,17.179743,19.383465,15.814458,995.6577
0.22513399741929302,16.955658,20.052578,15.473202,
-0.03545896469579235,18.381287,20.12619,17.031271,541.1998
-0.08859954581678756,19.080666,21.657362,17.446798,
-0.37926673355762897,18.878582,21.633327,17.356897,
0.08842020734821598,18.982912,21.738516,17.351307,
-0.21446400198365229,19.184673,21.783318,17.62285,
0.3404761710441107,20.217451,22.014704,18.677353,
-0.6894609165296677,19.184338,21.876436,17.276213,
0.8663531760795691,20.200703,21.849205,18.792894,
2.1300806403196697,20.0069,21.753778,18.549042,
,,,17.152683,
-1.459910897509481,19.700405,22.466253,17.846397,
1.102165865913291,20.59611,23.372156,19.018578,
-0.30499954563422726,20.472994,21.025553,19.163483,
-0.4635110961180823,19.92726,20.98249,18.804289,
0.2410159129664149,17.635626,18.82332,16.451233,645.5308
0.48761573348745696,19.403358,19.372839,17.548702,
1.093159905219473,19.334682,21.145578,18.169672,
0.8655851694166672,18.504944,19.921432,17.48827,470.5068
1.0735686944168639,19.772757,21.485605,18.54147,
2.867611317376966,19.212284,,17.486122,
0.46037041115966737,17.714714,19.38984,16.480522,
0.46483827925650506,19.416271,19.28815,18.04793,
0.26110045457695963,19.319908,20.559217,18.282246,
0.7350162621858968,18.87451,21.540789,17.081064,
-0.5326168564215352,19.433804,22.089619,17.829887,
0.9599020930560955,19.617174,,,
0.36728176237913157,20.300915,,,
-0.11491515860494633,18.085735,21.188547,16.292498,9918.852
0.24545585037363796,19.666637,21.189898,18.467558,
0.08155894304985843,18.880787,20.962118,17.41216,
-0.32102227462205646,18.753517,22.182127,17.086588,
-1.5040558972353313,18.335234,19.347752,17.009178,
0.7104925903431134,19.865433,22.42382,18.451977,
0.7094321708399555,20.077377,21.760908,18.927412,
-0.5914316418082906,20.23117,21.79254,18.704796,
0.07961789505914274,20.179874,,,
,20.586216,20.541136,19.136528,
1.3383631754157495,20.4602,21.481804,19.089304,
,20.74666,21.41399,20.001966,
1.0181158075835743,20.420723,21.103867,19.520966,
-0.05836675197221397,20.50496,,,
,20.81918,,,
2.0522928995724414,20.45301,21.468485,19.088957,
1.7688678401737978,20.345749,21.457039,18.695843,
,,,,
,20.845074,,19.602047,
,20.821144,21.723316,19.062815,
,20.749308,,,
0.37122129958443667,20.323448,22.450476,18.809027,
2.0601263351479884,20.46533,20.33609,18.85684,
,20.8917,20.752234,19.526163,
,20.870317,22.626244,19.360823,
2.1829427749875836,11.242742,11.430748,10.91775,439.1098
,18.21311,19.534817,16.617764,
-0.0998355380777643,,,17.072687,
-0.03933703893538881,17.22583,19.333147,15.745622,
0.20876027328345745,18.500824,,,
0.3208478917397539,18.55077,22.039717,16.640997,
-0.1057052198487804,16.809402,21.544333,15.102044,4458.5415
0.31275139443915134,17.530848,18.853773,16.432001,1615.9385
,20.601774,17.657948,19.131674,
,20.453701,18.439375,17.585144,
0.9223710448052007,18.048918,19.221601,17.02924,569.5202
0.5125250439656397,18.516575,19.903507,17.339394,492.4232
0.5258921136323185,18.635595,20.199974,17.480513,630.1372
0.7006154164121031,18.885988,20.117126,17.455341,
0.008504225020142052,17.82623,21.37463,16.080103,
-0.16818998734018245,18.595295,21.67969,16.849113,9373.055
-0.07643102465777404,18.54393,21.75073,16.835876,
-0.9091379265662285,19.709707,21.928728,18.050873,
1.2827842270193635,20.26177,22.610664,18.693384,
-0.5300244408322521,20.052856,21.836615,18.501593,
-0.2604268340992212,19.327616,22.110275,17.588833,
0.1366672776620162,20.512949,21.41221,18.978054,
0.6275957395978753,18.96901,20.500664,17.93941,469.162
-0.04368355041152695,18.517574,20.825592,16.72795,10351.0205
-0.2851131860158556,18.686697,20.696762,17.316149,389.3072
1.1650668104324244,19.240791,20.995611,17.853765,
0.4941572404462481,18.853033,20.401413,17.607733,460.9166
1.384634890585705,19.540676,21.33342,18.285486,
-1.15969208539314,19.868914,20.634974,18.747482,
0.23699024771926333,20.127249,21.292484,18.976501,
-0.107090558380633,19.64388,21.140503,18.460423,
0.6241306453507939,19.849443,21.002464,18.68998,
1.0143772076369748,20.09765,21.32723,18.87493,
1.0042125316056,20.065592,21.212105,18.716991,
-0.12151888422709567,20.446955,22.565239,19.085835,
1.3677630183585,20.260027,21.161179,18.919846,
,20.874723,21.99152,19.333473,
1.2126587504274318,20.414995,21.081455,18.843424,
1.7735574480316987,20.617046,22.265478,19.392385,
,20.613289,22.44635,19.200125,
,20.867434,21.485565,19.133308,
,20.9111,,,
,20.866714,23.147758,19.516844,
0.32527565634434263,17.73577,19.010658,16.586409,
1.1247994618349946,19.167774,21.763845,17.272316,
0.44521733837495925,17.012596,18.52407,15.819117,
0.9178052909568627,15.724272,16.348738,14.942864,800.2214
-0.6060283798555158,19.893105,21.644741,17.89042,
,20.613663,,,
,18.548773,19.638197,17.091427,
0.7179043610438455,18.819834,,17.267788,
0.7423411598913664,17.603106,19.113543,16.442844,
1.0095475510674514,15.555991,16.124468,14.832187,862.8641
0.34298026518201363,19.290266,20.847965,18.124144,
-0.3244685223895591,18.953909,21.03823,17.444563,
0.6429064140045324,19.572958,20.889494,17.797373,
-0.03408364643103928,18.867071,21.627495,17.040974,10348.7705
,20.552313,21.445053,18.810202,
,20.744999,22.657173,19.660574,
-0.47223799948286493,19.866447,21.433077,18.244764,
0.09042950168584221,20.245466,22.489311,18.691458,
1.5035780469389877,20.566422,,18.827688,
0.5627224914702752,19.549828,21.461126,17.435514,
-3.817173853570088,19.801828,20.894922,18.007631,
1.4175463499667165,20.449087,21.83296,19.067083,
0.5469139553938736,19.704748,22.205793,18.130316,
-1.5549800898886386,20.046041,22.202572,18.396658,
,20.879135,22.869978,19.490133,
0.05673689407764958,20.089724,22.328712,18.681036,
0.06215763769973027,17.769869,22.065174,16.022621,
0.3808337486494744,17.336737,19.726263,15.887866,1356.3854
1.1596430921420116,20.083681,21.095304,18.922678,
,20.356932,,,
-0.7557819346942767,19.512102,21.924507,17.947779,
,20.576843,,,
0.17339642972615033,19.14849,21.49217,17.53439,
-1.0695933074276471,19.817059,21.566336,18.257683,
1.129077588507381,18.59656,19.809706,17.312132,
0.3674172479933992,16.55194,17.532272,15.446677,1855.3086
0.4903617333114902,19.512465,21.165678,18.24945,
2.045759754920094,18.570257,20.249075,17.362871,526.7139
-1.1116652235634759,19.831165,21.386522,18.348412,
0.6933323768850567,19.930313,21.0738,18.697704,
0.12374700292896566,17.982754,20.39369,16.530666,3536.2676
0.5711690464069611,19.059147,20.73728,17.957745,
0.6975341388956072,19.750338,21.929722,18.194496,
1.2901019600568842,20.141119,21.679909,18.724535,
-0.3673473858446449,19.99814,21.779308,18.52009,
,21.074965,22.34216,19.669748,
,20.820177,20.469093,19.511646,
,20.996756,21.549902,19.513159,
,20.807072,22.085878,19.458866,
2.1896365563645532,20.63974,20.800686,19.372227,
,20.938549,22.29532,19.101543,
-0.6337349690492413,20.463081,21.461813,19.141554,
-1.0929434269869605,20.373634,21.48269,19.042534,
-0.017455499492087537,20.552149,,,
-0.23438446577724814,20.335346,,,
,21.07872,,,
0.25816418535184105,20.557814,21.601534,19.465664,
,20.824615,18.091524,19.044422,
0.12844172106860763,20.38733,,,
,20.768606,22.209614,19.307077,
-2.013718134805911,20.588173,21.512764,18.746147,
-2.727194798813857,20.313446,21.817413,18.620338,
,21.130758,21.503038,19.590069,
,20.452436,21.471659,18.975565,
-0.11859950911867853,18.013037,21.2848,16.33727,
-0.24500587007766234,19.42477,,,
0.42228052897059526,19.382317,21.698898,17.70912,
,20.61711,21.162415,18.47416,
,20.28846,21.844023,18.189161,
0.5895959828692511,17.583738,18.944794,16.463268,1450.1007
2.158166711135771,13.466798,13.90077,12.860063,450.2217
,17.27325,18.357483,15.663642,
0.5022443856033906,19.095867,21.010324,17.899385,
1.0327842565819498,20.286858,22.411806,18.809448,
0.6497654705468779,,,18.82782,
-0.5383784011946704,19.769781,,,
-0.26591957638001434,18.064724,19.47554,16.085686,
3.277418081145248,20.231258,21.90778,18.603815,
3.3604289195846437,20.15822,21.99727,18.404726,
,20.541115,21.023983,18.854584,
-0.2425300020751539,20.245022,21.608767,18.59289,
,20.707766,22.223886,19.075764,
,20.894983,23.014044,19.337614,
-0.39068259799643246,20.247,21.550343,18.778904,
1.3379420524854353,20.15562,,,
1.8186227163154758,19.31957,21.375881,17.857477,
0.9359419181371096,19.560938,20.482588,18.202942,
0.08145084221506327,19.529068,20.486074,17.989502,
1.2587188547990302,19.783047,21.048336,18.776056,
0.9050480363172311,19.0668,20.441658,17.97809,
0.45603019134590006,19.646908,21.56944,18.291075,
-0.31136950122177726,20.14317,21.99464,18.813208,
-0.11319185540124946,19.539694,,,
2.1967398459971994,20.046146,,,
0.3153805910483718,19.538229,20.605667,17.721874,
-0.08466400644034144,19.41075,20.995287,18.050362,
-1.0915175417640297,20.321804,21.450886,18.734402,
,20.544245,18.940056,18.600082,
3.258443975162232,20.43075,21.29254,19.067837,
,20.73588,,,
,20.64996,22.344637,19.612122,
,20.750872,22.766066,19.343626,
-0.35566594250527755,20.411535,21.780668,19.270704,
,20.760637,21.785301,19.63621,
,20.690115,20.996943,19.131693,
,20.73694,19.949823,18.201466,
-0.24549773155931037,20.388117,,,
2.2527643090024574,13.27344,13.773822,12.599359,425.0763
1.0393940011154301,19.88523,21.291744,18.712578,
,20.648016,21.70528,19.449318,
1.9465327300267408,20.443972,22.08107,18.688349,
0.6707008717346002,18.701498,19.958038,17.643974,589.6038
0.7730893691194336,18.163162,19.46173,17.09252,683.2748
-0.4231303268265438,20.244764,21.28345,18.61763,
0.04054208006666177,18.60231,21.725124,16.918797,
-0.726444287677477,19.421112,21.346184,17.94472,
-0.4635852898931318,18.847616,22.0177,17.204544,6345.982
0.09852385940332105,19.811687,21.516943,17.756702,
,20.331232,22.52239,18.743446,
,20.752829,22.730442,19.246014,
0.9768327065232736,19.784536,21.553879,18.184803,
0.7945454934677421,20.578848,21.835556,18.914738,
,20.895437,,19.45772,
0.4442614596812903,19.457771,21.832434,17.888416,
0.2960113671432518,19.543102,22.704756,17.866415,
1.0084944444603143,19.570152,20.881695,18.496498,
-0.22505490586585447,19.272491,20.46106,18.00018,
0.6698536884952565,19.4651,,17.72011,
-0.018148735930244853,18.636854,22.078506,16.989271,
-0.8435372366377889,20.691278,20.937054,19.679377,
0.7636209376549805,19.222605,20.873423,18.003454,
0.5380322047984578,18.41374,20.003363,16.953117,406.6038
,20.66075,,,
0.9728170819230082,16.093376,,,
,20.579695,,,
-1.4035738224144634,20.319735,21.729427,18.993244,
,20.939611,19.385983,19.29949,
,20.791855,22.944227,19.334345,
0.11905427224320231,20.366781,22.386824,19.033106,
,20.560009,21.782114,19.20558,
,20.912243,,19.859013,
,20.920141,,19.334202,
1.256097837241596,20.257517,21.248466,18.810131,
,,,18.842014,
,20.753614,20.778013,19.904053,
0.6565911474099754,17.827682,19.432604,16.624838,554.8851
0.3135471640256882,18.790045,20.30509,17.548046,524.2129
1.0009305068624301,13.991045,14.498495,13.325108,794.4575
0.4332295702673281,19.22175,21.636753,17.621624,
0.5402817531752218,20.067364,20.957302,18.013634,
2.377313402537554,14.770218,15.364561,14.027083,418.6255
0.22145618850165522,19.170876,,,
0.9435669676579432,15.384906,15.507586,14.330735,
-0.5321856500136167,19.108618,21.062237,17.276932,
,20.75477,,,
,20.352259,21.635439,18.624231,
,20.963093,,19.002844,
,20.863985,,19.225954,
0.10085875376586345,19.702757,22.92682,18.408035,
2.2361758674541883,12.694727,13.051546,12.168234,452.7143
0.5676845446914442,17.25826,19.053102,16.001547,1071.3375
0.4369332682267626,15.917243,17.941637,14.585097,2337.5007
0.44264015601126955,19.161901,21.647575,17.515606,
,19.093143,21.844622,17.35617,
,20.902344,20.947317,19.161734,
0.8501110092221124,20.141956,21.624546,18.63906,
0.6037040866327059,19.153366,21.316263,17.763964,
-0.0633894689366084,19.539503,20.894022,17.696924,
0.2878721993302387,20.262533,22.481161,18.763506,
-0.3608093186726278,19.335672,20.791574,17.775417,
-0.49529459996873076,20.387249,21.487438,18.88861,
1.1224355075688768,18.771437,19.45691,17.638739,489.9319
0.582276157168661,18.67146,20.390491,17.474161,512.2534
0.8737671903934741,17.917711,18.84631,16.542994,
0.9784928634434341,19.49346,21.126001,18.395296,
-0.1331152505497073,19.72874,21.425303,18.252575,
0.617338155233121,19.6831,21.230145,18.350025,
0.8073127931205547,19.537468,21.107538,18.229563,
1.938215619828926,20.73193,21.34644,19.50401,
,20.640303,21.257452,19.317392,
0.9110633630172095,20.190153,22.026976,19.087831,
,20.775246,22.04456,19.732067,
,20.577465,21.714766,19.402082,
,20.555578,,,
,20.846361,21.151838,19.619398,
0.40559630815905123,18.441364,,,
0.5974777239737838,14.485058,15.785426,13.355022,1692.0543
0.27296725967725827,17.417933,19.627098,16.032753,
0.19906599529631583,18.640951,20.954592,17.101107,877.3959
,20.866274,21.243933,19.398642,
0.39685295647278823,18.215902,19.98672,16.949146,
0.026453814576620882,19.32339,21.303001,17.585388,
,20.833632,22.903564,19.293268,
,20.774343,20.968145,19.114618,
0.2881339773049383,19.33484,21.5742,17.537682,
0.051328236671843885,19.336166,21.34888,17.668844,
,20.606218,22.037258,19.098022,
0.7035831178250906,20.126587,21.97627,18.586498,
0.02019069632171737,19.95968,21.198364,18.296307,
0.6089801279650251,19.920624,21.788078,18.586523,
0.129490329462267,19.833765,21.49289,18.443258,
,20.681746,,,
0.7052822493589197,19.004,20.958633,17.817667,
0.6392189989434066,19.035854,21.011904,17.697008,
0.8413574882834843,17.542301,18.410645,16.548594,823.1269
0.18305997998652787,18.837383,20.43244,17.689295,461.134
-0.7513381648761008,20.333593,21.721674,19.04222,
-0.24352746388265972,20.293581,21.454054,19.042091,
,20.689163,21.918331,19.213604,
,20.8352,21.755222,19.589737,
1.63235564539322,20.586033,21.371267,19.44299,
,20.605375,21.651777,19.30382,
0.6223144208689234,20.335028,22.115839,19.002981,
2.1599254860968187,14.707023,15.391205,13.898254,414.9201
,20.728182,20.76786,19.242332,
,20.622995,21.250305,19.060953,
0.612200260111152,20.660612,21.879408,19.379211,
0.6494508175060273,18.263727,19.722027,16.929474,707.955
0.3891714296287775,20.464157,21.47384,19.17746,
2.3718221853708994,18.028902,19.678759,16.82575,639.5459
0.7905365330948525,17.256124,18.571032,16.148884,1378.527
1.205486481210797,19.607964,20.974512,18.3483,
0.46109154438945926,18.97488,20.858624,17.2539,
-0.03485553791734324,18.76296,21.603899,17.153975,
0.030825031447903065,19.317858,20.810951,17.498224,
-3.5047766098579767,20.575672,21.569605,18.998213,
0.32244321310678986,19.800884,21.988508,18.163624,
1.7275479648936372,20.079311,21.862473,18.44114,
-0.7219285974488949,20.220736,20.743673,18.538277,
1.8473224292984827,20.621447,21.173937,18.93122,
0.2533675196141553,,,18.176796,
-0.18480776890338851,20.694317,21.685581,19.18097,
,20.788357,21.86958,19.686161,
,20.436172,22.065258,19.325666,
-0.897516745189769,20.537941,21.045773,18.802217,
1.325154085410928,15.742219,16.321787,15.001435,628.8679
0.08352349208527263,19.285118,21.838903,17.55969,
0.3712773372420207,19.33069,21.641035,17.68107,
2.278103803011364,19.938356,21.25392,18.627625,
0.48174272781953853,17.503208,18.91491,16.343775,678.8458
1.1682463858413397,15.171908,15.619554,14.550565,752.4443
-0.30627591969928597,19.74308,21.466082,17.955332,
-0.10056055871475791,19.105812,21.687523,17.449179,
0.12803076624096418,19.079208,21.20121,17.245924,
0.4083894112935437,19.49176,22.280535,17.914513,
0.39075840266776085,19.837732,20.858746,18.183783,
,20.39565,21.82028,18.650106,
0.49422562907452455,18.852785,21.499157,17.186178,
1.0293337723181177,20.156788,22.040447,18.73425,
,20.675724,21.543493,19.300306,
,20.607199,22.42465,19.097181,
-0.5299553087241189,19.861092,,,
0.8666249034214045,18.655062,20.38629,17.214745,417.2837
0.367405043539128,19.263363,20.773298,18.163473,
0.36214475106182675,19.734348,21.486282,18.435074,
1.4761623318083974,19.857483,,18.57271,
0.4751092366860049,19.509867,20.808119,17.997252,
1.2584529785794136,19.981583,21.673649,18.752533,
,20.00228,,,
-0.6156264772683039,20.013111,21.84894,18.395493,
0.3926531979743526,19.237135,20.642618,18.125385,
1.3466731350016001,20.237362,21.402813,18.903206,
0.3617857139501409,20.294344,22.482197,18.729544,
1.863191067808093,20.44022,22.103899,19.065256,
,20.970325,,,
-0.5695705782647807,20.310938,21.452242,18.939453,
,20.406649,,19.134106,
,20.969236,23.252392,20.107363,
,20.84721,21.630293,19.873621,
,21.083647,21.174522,20.0671,
0.5341730897936061,17.948484,19.245924,16.82798,533.5768
0.9845649339842576,20.324167,22.139284,19.045208,
-0.26791171163014976,18.071556,20.93392,16.165995,
0.12552421597903365,17.994364,21.120749,16.280176,
,21.024733,,,
1.0649177684975666,17.366766,18.595806,16.245348,488.7679
0.7769149309857988,18.013727,19.180565,16.947126,579.5662
0.4052499609666633,15.044801,16.312073,13.919439,
0.6207386238559948,19.272406,20.551159,18.181196,
0.7088074304697953,18.532244,19.934013,17.306297,532.2004
0.2946042975852556,19.083866,21.433554,17.412556,
0.5985583576842629,18.367487,21.303766,16.903912,761.2966
0.15379761951161972,17.857693,21.787264,16.145061,
0.7007206465818934,19.865038,21.483873,17.972403,
,20.689442,20.786648,19.04404,
0.4063892159890979,20.292152,21.738064,18.71591,
2.7790456673691564,20.37643,22.089432,18.801016,
0.08056271325100604,20.114866,21.95209,18.43167,
,20.741806,22.586618,19.393963,
,20.85912,21.411657,19.173113,
1.1779148568678526,19.251451,21.89694,17.494192,
0.6904977359716709,20.440958,21.84022,18.924763,
0.03612338746015277,20.22688,21.829126,18.648994,
,20.882694,21.7369,19.355686,
-0.3204054612954115,19.918077,21.093552,18.154654,
1.2570632005147275,19.545115,21.745577,18.140774,
-1.4869972304408208,20.197155,21.401754,18.886723,
-0.023387131721109337,19.611168,20.958687,18.426153,
0.5069836039143578,18.929129,20.646729,17.722876,469.1077
,20.676962,23.441202,19.022718,
,20.714054,21.5427,19.429031,
1.1958174889167226,20.247585,21.469614,19.192747,
0.9267760069134612,20.07666,21.702248,18.783537,
3.0128425081740704,20.300747,21.419458,18.842093,
,20.684229,,18.316103,
,20.902193,22.81456,19.842878,
,20.568144,21.478914,19.372725,
,20.695549,21.21095,19.901014,
,20.492619,21.880983,18.677168,
-1.8710877476083398,20.414713,,,
,20.735373,,,
,20.842924,21.347052,19.454975,
,20.884478,21.986536,19.163036,
-0.9750175379282661,19.51962,22.053505,17.959335,
0.4843992292483332,18.61344,21.328882,16.859558,
0.08936699977826887,18.118793,21.14463,16.537895,4770.6064
0.4224972390329249,20.555687,21.551073,18.789238,
2.2794505490633936,14.897485,15.5386,14.091847,345.6125
0.6810328846302609,18.918207,20.639511,17.757517,467.1183
1.136899697641481,18.877356,20.067064,17.79892,456.6975
0.18451529762234234,18.095734,20.13166,16.73465,1471.8623
-0.4338106934819071,18.39648,21.226013,16.636257,
-0.35839012615736504,20.033138,22.326317,18.374372,
-0.35384413601079384,19.43846,21.809855,17.840433,
,20.64274,21.953661,19.24346,
-1.5801330118647994,20.446266,23.039713,18.908844,
1.007777047284194,20.58369,21.056614,18.847446,
,20.667845,21.368782,18.878876,
,20.630602,21.083963,18.947159,
0.8991921831387933,19.53773,21.330801,18.16181,
-0.40680304927160915,19.605356,21.58594,17.816248,
,20.186323,,,
5.8894981377638524,19.03044,20.632568,17.654377,
0.18075121150861148,19.450693,20.915627,18.359715,
0.5617473898303184,19.876177,,,
-0.4518181493569485,20.016264,21.315819,18.637772,
-0.5153731933443453,19.22287,20.836592,17.564856,
2.09776944021496,18.50379,20.155725,17.273289,494.1319
0.8078778165348274,18.923208,20.038017,17.885363,431.5001
-1.3296518826061898,20.30232,,,
1.4796543279978496,18.97869,20.397652,17.927341,359.9423
0.012741105833585018,19.74194,20.998003,18.677114,
,21.064194,,,
0.6355681199674351,20.369337,22.167652,19.08529,
0.4675866899687654,20.423136,21.488976,19.344055,
,20.811214,21.209934,19.958565,
,20.636995,,18.940144,
0.795449824017982,19.949701,21.383776,18.602545,
-0.6645471455826854,18.009691,21.528385,16.12747,
0.4529706943883037,16.621502,18.163706,15.417536,
2.1159534601258345,17.493568,18.824648,16.366201,400.1909
-0.19816299016226968,18.103634,21.362913,16.322268,
,20.908419,,,
-0.875870849535846,20.086836,22.067904,18.039597,
0.4544917812549707,16.871342,18.043385,15.773891,
0.26515832064643546,16.998505,19.887022,15.519853,1323.5056
,20.927944,,,
0.5867358777512361,19.993984,21.65169,18.86014,
,20.662285,,,
,20.704165,22.5638,19.21004,
0.4507610984142952,19.784918,21.567877,17.967863,
0.41797806875791754,20.293203,21.787779,18.373703,
0.30364725759900096,17.918036,20.203629,16.56414,1600.476
-0.15168527263324674,18.473263,20.047731,17.225054,587.254
0.3392906575423807,18.99351,20.821983,17.648678,439.7397
-0.39039851307092666,19.42229,21.560736,17.758196,
,20.961353,20.786497,19.324675,
2.6348282897772504,20.271921,21.331882,18.253075,
,20.681988,21.801203,19.028753,
-0.15544245901572978,18.433554,19.971605,16.49895,
-2.253864349881384,,,17.976084,
3.0237786386735013,20.710049,20.593166,19.239048,
0.19695474820885406,19.920177,21.87807,18.257433,
2.702088356243927,20.450077,21.754599,18.971088,
0.2552633273358224,18.937382,20.68426,17.712736,487.8146
0.8505747374576236,20.175032,21.71827,18.997597,
0.36757907793104017,19.41927,21.395618,17.669573,
,20.786522,,,
0.36325764581622355,19.791462,21.553963,18.380392,
0.3611223855189488,19.37216,20.992453,18.242199,
0.9301370896624371,20.117765,,,
0.05563287585315259,19.295404,21.096678,17.938349,
,20.704784,,19.638618,
2.6591590572772636,20.453362,21.85102,19.122543,
-2.620014436676472,20.59308,21.10146,19.2286,
,20.898731,21.478157,19.891787,
0.45054482492502324,20.478884,22.189917,18.921307,
,20.924799,,19.401098,
-0.22461506460622693,20.783758,23.003635,18.933605,
,20.655916,22.642614,19.058544,
-1.8344380605132353,20.329622,19.785591,18.366055,
1.1196086849331452,12.497114,12.857368,11.963993,853.2406
-0.5673770515624115,20.16981,21.179644,18.797186,
0.7498794579786295,16.425158,18.245192,15.150836,1113.8173
,20.63299,22.214964,18.62668,
-0.2209422998179549,19.322557,20.84202,17.718288,
,20.710068,22.902105,19.324883,
0.13307330636253317,19.74617,21.706997,18.180313,
0.3404400864087626,20.048733,22.036076,18.563904,
,20.765282,,19.127039,
1.1095703288148133,19.91918,21.249355,18.246727,
0.2700398210117418,20.179703,21.036451,19.008318,
1.5868318152314376,19.75937,21.350262,18.544304,
0.8406218194909774,19.557947,21.151213,18.345575,
0.2278072414959481,19.8226,21.723152,18.182009,
-0.03324945019904183,19.785542,21.497683,18.488178,
-2.8234136463498802,20.504562,,,
-1.4607177290564195,20.296825,22.421328,18.755308,
2.41622544882432,20.737328,21.423496,19.488676,
,20.955175,21.752155,19.846468,
-0.010286120271668475,20.249254,21.54234,19.175907,
,20.550745,21.532566,19.136545,
1.1286568867904458,20.362045,21.344784,18.89597,
-0.4520085650063395,20.420078,22.447674,19.000866,
,20.8588,22.270218,19.198856,
,20.730469,,19.699968,
,20.639664,,,
-1.3174710613625598,20.591784,21.650513,19.352955,
0.8777353015768605,,,18.75803,
2.7738227920109266,20.219559,20.824774,18.810095,
-0.12883292977730632,20.536982,21.301506,18.917694,
,20.713106,21.386402,19.42076,
,20.662502,21.140545,19.010233,
,20.952484,22.045284,19.80385,
,20.91031,20.391132,19.354555,
1.3935114610741874,20.608515,21.604725,18.997173,
,20.891148,20.897736,19.961746,
0.3491418943372724,18.121199,19.71232,16.884468,599.3953
0.23134087701942888,17.165735,19.976501,15.688597,914.3461
1.590286531224492,18.96803,20.164017,17.777735,381.9334
0.43880188903592315,18.885857,20.248877,17.652584,499.9954
0.862914355248694,19.809237,,,
0.2234460030430426,19.22452,20.895658,17.84727,
0.7691944738625209,19.138477,20.667315,17.76731,
0.4721514304924879,19.482632,22.021656,17.893484,
0.9838959750941919,18.846363,21.203773,17.154127,
,20.786234,20.96204,19.224678,
1.0415920858527492,19.929829,17.78063,18.222088,
0.7989478548703096,19.030895,20.599993,17.892345,
-0.15722211297761174,19.175177,20.42407,17.553175,
,20.772482,,,
0.6161328066352836,20.017529,21.164488,18.359703,
0.03697498271017544,19.515541,21.296988,18.455637,
0.44684758719199136,19.298187,20.742374,18.038277,
-0.635808246016975,19.558952,22.306034,17.880283,
2.1652546101835677,20.355171,,,
0.7671136562400613,18.771791,19.96232,17.27821,
0.7962511411193404,20.323137,22.44392,18.806252,
-0.3323225341147512,20.398693,21.774515,19.171127,
,20.834002,21.19378,19.675112,
,20.91169,,,
2.565778172623108,20.141117,21.232573,18.973022,
0.3927818887426941,20.597267,21.841581,19.313112,
,20.420698,,,
-0.561612694211193,20.529861,,,
-1.6955342201741734,20.614614,21.181755,19.586023,
,20.695747,22.206676,19.526346,
,21.002806,21.400661,19.20473,
,20.801374,21.409761,19.663622,
-0.9291408165358229,20.36751,21.508976,19.15919,
1.2538982009542627,20.496525,22.456444,18.663918,
-0.08903285098537016,16.918934,20.967937,15.134012,
0.19308687856279982,19.035769,20.477072,17.236961,
0.40117014931346673,17.64318,18.965828,16.559515,747.3704
0.34642030716592226,17.855406,20.440998,16.428831,
-0.9220129647479468,,,18.992281,
,20.859186,20.386272,19.268564,
0.5831512644246092,19.52837,21.689617,17.896233,
0.4273819433283851,19.68958,21.784254,18.149622,
0.2856400705129787,18.79216,21.555792,17.227602,
,20.98329,21.737593,19.644638,
1.0846686477364487,20.058798,20.846367,18.526787,
,20.751245,22.792566,19.296003,
0.3819333780221943,19.917505,22.245203,18.401745,
-0.2767778642910632,19.910395,22.106325,18.403341,
1.5485253049090084,20.612978,21.91322,18.63975,
1.0174092603111797,19.486717,21.118181,18.244883,
-0.23175887085811292,19.603642,21.117092,18.365688,
0.3302813940000222,19.792645,21.08914,18.73132,
0.7885335126056783,19.823019,21.83437,17.895508,
0.6564462227686537,19.994272,21.119305,18.870377,
-0.44964970889212,19.39293,22.124044,17.731745,
1.1855757346533122,19.930496,21.075478,18.661598,
,20.77604,,,
,20.503622,22.61459,18.628618,
,20.833525,23.300106,19.16069,
0.21968665125734743,20.627535,22.499256,19.633938,
,20.766544,21.96829,19.717812,
,20.8993,,,
1.028522388433953,20.444807,,,
1.2023288785454829,19.997864,22.002645,18.550438,
,20.781572,19.05132,19.35352,
1.135629155125066,13.643729,13.978602,13.13532,864.6513
1.4257122771297677,19.985596,22.701124,18.139107,
0.3661825992014347,16.926807,18.914112,15.604341,
,20.763493,21.74073,19.507488,
-0.21579027689959238,19.13971,,,
0.7692456819465212,18.402004,19.849686,17.291107,488.6485
-0.018391862455493777,18.692387,21.768524,17.097652,
0.40455423947637703,20.307796,21.799946,19.136034,
-0.2729222445636859,18.756502,22.0063,16.916252,
0.4317426500729547,18.278082,21.814062,16.553226,
0.2590961668029302,17.398432,21.087778,15.770146,6812.1978
,20.58888,21.378222,18.939346,
0.6109561882115965,20.028114,21.54482,18.43047,
1.5969896641513093,20.420677,21.731476,19.022028,
-0.763904046354976,19.99342,21.623596,18.362127,
,20.601974,21.93239,19.263338,
0.0030711916104996517,19.28715,21.558826,17.707682,
-0.5544698366369585,20.22478,21.894152,18.66035,
0.5814124131901433,19.274534,22.714159,17.484552,
0.8402948452428757,18.922651,20.381916,17.780748,465.4468
-0.4412285699198002,19.275202,21.950933,17.642645,
,20.88398,,,
0.2888353909611794,19.487795,21.163559,17.940304,
0.25919428241624926,19.427452,21.396584,17.86401,
-0.0958964393463344,19.309164,21.459394,17.736403,
-0.4201819480443716,19.427387,21.104874,18.121637,
0.3715408905422631,19.080063,21.794197,17.300192,
,20.19457,,,
0.08503004386175483,18.51804,20.486706,16.88666,
0.5240900180724005,19.650404,20.82222,18.355087,
0.5636780674661178,,,17.74657,
0.7106713823854485,19.633533,21.24729,18.574953,
,20.876585,,19.571754,
,20.759258,22.208239,19.310802,
1.770156699512469,20.547762,21.26621,19.151537,
0.4826398571112554,20.790577,21.581163,19.46179,
-0.3578589976625675,20.593796,21.751139,19.327303,
-0.899135393954913,20.382189,21.641935,18.839457,
-0.9793514080061679,20.427074,21.818785,19.04816,
,20.766342,22.222033,19.144405,
,20.737421,22.065603,19.266294,
,21.085499,,,
0.5909044699201988,18.796614,20.11536,17.712963,536.7822
0.7311241537953801,17.197563,18.059387,16.266193,693.8532
0.850716106828783,17.780947,18.74408,16.860342,589.3824
0.3597202526547978,17.872976,19.21291,16.743792,742.3424
0.39531289131980424,18.072298,19.382627,16.993055,723.1686
-0.019646826026468812,18.93057,20.774282,17.74972,522.3213
0.4476438458035966,18.706282,20.08948,17.561659,552.476
0.7941338694085954,17.260303,18.622276,16.133297,672.156
0.2894776159298253,17.828342,20.574106,16.164604,
0.5819605529106663,18.28373,19.563253,17.102703,490.0021
1.6435283367918452,19.863518,21.578926,18.625048,
0.4484263279006922,18.621395,20.73636,17.339352,490.7179
0.7684301830061195,18.79441,21.394997,17.110445,
0.44405765396781666,18.927832,20.584309,17.576372,519.7758
0.17591199529880397,18.105171,21.189806,16.38482,
,,,18.664272,
2.131513554600211,20.423214,21.604012,18.66264,
1.4821090398676657,20.572054,20.87196,18.96198,
2.0698672151672577,17.757593,18.822748,16.477867,
0.9920990835699421,18.866535,21.299837,17.271072,
0.017821387465057965,18.8341,21.234377,17.313148,
0.7914647184994401,19.96904,19.660997,18.271925,
-0.6524288127912401,19.887444,20.8185,18.24472,
0.3401371260809447,19.53544,21.141981,17.90326,
2.1933050621330707,17.39961,18.808512,16.210112,409.1458
0.7774861193177535,18.957806,19.735989,17.78885,
0.7154963636551669,19.871393,21.460867,18.477509,
0.3765566868035866,18.301434,19.693771,17.220074,549.1609
-3.924918219005,19.703346,22.174955,17.910892,
0.7121853008960899,19.637747,21.062822,18.297493,
0.7634161078307232,17.65541,18.951164,16.40868,443.2494
2.6335936236321906,18.811205,20.816225,17.576918,554.6208
0.3424372360696058,18.094349,19.462378,16.998394,693.4446
0.4443898872292098,19.084072,,,
0.5212546837736716,19.752438,20.909077,17.935488,
2.1867067474142226,18.959055,20.532385,17.695883,
,20.521973,,,
0.16409157769563854,19.017096,21.131874,17.52974,
1.4058123930375508,20.441965,21.32286,18.95529,
1.558472383327376,20.02342,19.219816,18.707838,
,20.656145,21.793259,19.11123,
,20.9808,,,
,20.827265,,19.157694,
,20.594587,21.590578,19.102013,
,20.66077,22.170645,19.343685,
0.9586100736926079,20.078556,22.026562,18.779879,
1.0736438117893186,20.386486,21.231884,19.160498,
2.652824268077673,20.315573,,,
,20.942738,,,
,20.556993,21.730843,19.183044,
,20.791002,21.704765,19.527292,
,21.073597,,,
0.5631421228349481,20.656702,21.970348,19.164068,
1.5490028502432813,20.498468,21.401016,18.932816,
,19.699148,18.861193,17.61472,
,20.831675,21.202682,19.81321,
1.1755268791116749,20.496172,,18.728956,
,20.753088,,,
,20.577997,21.662487,18.545338,
0.10615173461717432,18.793316,,,
2.0852506244959637,13.994776,14.5059185,13.303267,440.4582
0.057698233884590625,17.90252,21.352428,16.131407,
0.595321275813625,19.824001,,18.634178,
2.0570539342768583,14.156334,14.685592,13.444545,
2.128914245693807,14.542848,15.120858,13.806311,459.6472
0.34195352298566245,18.015167,19.944693,16.555147,
-0.11123991482057197,17.43819,18.75702,16.254976,
0.062015312937003755,19.293789,20.750158,17.69647,
,20.538155,21.310041,18.556854,
,20.92186,,,
,20.481415,,,
0.8866904676555888,19.72117,22.842567,17.805937,
-1.1357481514257033,,,19.046211,
1.9711941388324639,9.835334,9.963362,9.591022,535.3264
0.6878265161981386,19.465775,20.996265,17.664186,
0.6591565514381591,18.144335,19.490078,16.94822,702.2883
,20.498533,20.856504,18.716887,
0.41077099995840766,19.748117,21.686832,18.079296,
-0.17381182235672396,19.280096,21.249922,17.69435,
0.1991458803604941,18.825373,21.49338,16.99561,
,20.551466,,18.826305,
0.08419211727382668,20.34259,22.034218,18.793705,
-0.18607447883268213,19.568947,22.312578,18.019596,
,20.70662,22.920538,18.683315,
0.2514463325697708,19.257051,21.889395,18.059492,
1.0983112817923988,19.185436,20.492958,18.028326,
0.6372954888544743,20.016603,,,
-0.05678959410787894,,,15.49354,
1.3879113933112854,19.76845,21.103403,18.445063,
2.230487666383356,19.42975,21.564579,17.710186,
,20.368279,,,
0.348699807615512,18.484854,20.091639,17.32351,552.2652
1.7396054721547367,20.088251,20.108263,18.541496,
2.0131404197517244,18.043728,19.831924,16.512074,
0.26322073700640675,18.00099,18.815125,16.370626,
0.6722779746191843,18.805162,19.978447,17.185986,
0.8693660229912494,18.698605,,,
-0.16398357418210496,19.90216,21.51803,18.46256,
2.4401265593317913,19.46617,21.501186,18.294407,
0.6469158015543979,20.14895,21.173365,19.135956,
,20.262962,20.214743,18.885986,
0.35640509962296674,19.619316,21.2523,18.397295,
0.7820691051992301,20.220997,21.56307,18.866034,
,21.02088,,,
0.9067792553510272,20.3819,22.7101,18.84957,
0.6712079549957446,20.289196,21.849955,19.056913,
,20.85477,,,
,20.831703,,,
,21.080078,18.986553,19.084877,
-2.3247085049692866,20.610334,23.023611,19.0941,
,20.599075,18.99374,19.128136,
,20.371323,21.658623,18.462965,
,20.380587,21.720846,18.923904,
,20.42646,22.16865,19.053263,
1.619209454542546,20.240284,21.170477,19.161175,
-2.077933591959524,19.851883,21.019255,18.272293,
,20.565655,,,
,20.766933,22.597845,19.604164,
2.4965477245970997,20.639956,21.399574,19.868923,
2.647049538200558,,,18.683712,
,20.855965,,19.379065,
,20.751595,22.171583,18.663282,
0.6981844105500075,18.90755,20.566917,17.631647,
,20.343079,19.559687,17.85816,
,,,18.555779,
0.7580873431439152,19.72597,21.09454,18.614796,
,20.634861,,,
,20.795322,21.098478,19.345774,
,18.762651,18.802204,16.878574,
0.1688963050508397,17.568998,19.30496,16.332466,
,19.734388,,,
0.9337660568735466,19.64124,21.208256,18.601645,
0.7064992134685839,20.049168,20.881546,18.489273,
0.05936275379490343,20.31474,,,
0.1997877950552963,19.360481,22.144743,17.61235,
0.38954004893735067,18.748274,22.370316,17.115362,
1.992017353182344,19.838179,21.821136,18.5079,
2.575219565724272,18.814709,20.811453,17.494194,521.0019
0.4968148031959241,17.806192,19.33626,16.614372,623.0344
0.34525953107274326,19.796858,21.460377,18.283327,
-0.8802273686392271,20.430758,,,
-0.08418065805716773,19.396433,21.39734,17.782345,
0.19667674671884744,19.222216,,,
-0.04806707937086912,20.1029,21.154768,18.49483,
,,,18.673252,
0.3595091361700173,18.362677,19.44571,16.621576,
1.205184757473918,18.424435,19.8234,16.877026,
,20.646067,,,
0.2578510477699614,19.097282,20.795557,17.72308,
1.5401316512133736,20.161833,,,
,19.97918,,,
,20.607935,,,
0.0154434359381449,19.76853,,18.028793,
1.5511102469309643,20.327166,21.539948,18.851318,
0.7672270598825458,19.168657,20.653847,18.006834,
2.024387911020892,20.342958,,,
1.294403729914266,19.879807,20.893005,18.723385,
0.5735527182509705,19.056885,21.152943,17.70841,
0.651208191321972,18.030867,19.516167,16.879047,609.338
0.8677304770256045,14.806063,15.370545,13.973023,1383.1116
1.189888962988042,18.644205,,,
0.7025144056455451,17.942677,19.109888,16.7135,733.2036
-0.5337749649702295,20.043674,21.148212,18.990536,
-0.12824592467210605,20.276194,21.5097,18.84024,
-0.24523826070109273,20.112963,21.75235,18.891663,
-1.2244995365822606,20.522686,21.346735,19.34442,
0.045534105068917294,20.43771,21.123093,19.040676,
,20.991032,19.561901,19.374844,
,20.94028,,,
,20.94427,,,
,20.668839,21.393003,18.901913,
,20.688387,,,
0.533297313711424,14.580043,16.191835,13.358515,
-0.0430811149872963,18.818136,19.491796,16.945736,
0.6019567798412382,15.797448,16.719378,14.835535,
,20.349625,,,
,,,18.038761,
0.4858288079589428,15.434588,15.968355,14.545371,984.9202
1.766788836137214,10.392164,10.508675,10.162863,618.6493
0.2481736986962791,15.816823,17.621393,14.534911,4233.6733
0.10396645442339639,17.960821,19.956373,16.384552,
,19.538282,20.220322,16.997492,
0.4478905363659539,17.925667,19.373676,16.80211,499.0562
4.458810695017639,13.260125,13.85701,12.524693,
